split	source_locale	source_lang	source_id	source_author	source_license	source_url	source_review_state	source_row_sha256	source_text	target_locale	target_lang	target_id	target_author	target_license	target_url	target_review_state	target_row_sha256	target_text	relation_state	pair_snapshot	pair_archive_url	pair_archive_sha256	pair_link_row_sha256	baseline_name	baseline_output	baseline_exact_target
development	en	eng	1326	brauliobezerra	CC-BY-2.0-FR	https://tatoeba.org/en/sentences/show/1326	human-contributed-unreviewed	a2d620c65d329986dae8a182da110b2d7dcaacb83cd327cc646b096651af7c5d	Are you sure?	sw	swh	3653235	ecorralest101	CC-BY-2.0-FR	https://tatoeba.org/en/sentences/show/3653235	human-contributed-unreviewed	9ebede6ddf8b06ba5e4f4464b20a00f87c8c1b780c38ce124615ce137af204cf	Je, una uhakika?	direct-translation-link-human-contributed-unreviewed	2026-07-18	https://downloads.tatoeba.org/exports/per_language/eng/eng-swh_links.tsv.bz2	81a8c343458bb8fe472f1ff1f76b770da99604693b0b924a42cb1b2426fd30a9	pending-form-sha256-stage	source-copy	Are you sure?	0
development	en	eng	1434	awael58	CC-BY-2.0-FR	https://tatoeba.org/en/sentences/show/1434	human-contributed-unreviewed	e95f0e33ed2771d8a74eb5af730256c3444ea280f2e11f67ad4bd77e393665a0	I love you.	sw	swh	369350	Blaz	CC-BY-2.0-FR	https://tatoeba.org/en/sentences/show/369350	human-contributed-unreviewed	461ec12488b486920834e9c98afd9591e8db7fbe9d97aea442113b6a53d96e5b	Nakupenda.	direct-translation-link-human-contributed-unreviewed	2026-07-18	https://downloads.tatoeba.org/exports/per_language/eng/eng-swh_links.tsv.bz2	81a8c343458bb8fe472f1ff1f76b770da99604693b0b924a42cb1b2426fd30a9	pending-form-sha256-stage	source-copy	I love you.	0
development	en	eng	1712	CK	CC-BY-2.0-FR	https://tatoeba.org/en/sentences/show/1712	human-contributed-unreviewed	4b80b20732893bc97203aa6292cef0740fb8143ac303cee8796b923827766d5f	I have a headache.	sw	swh	842637	riccioberto	CC-BY-2.0-FR	https://tatoeba.org/en/sentences/show/842637	human-contributed-unreviewed	26fde2437620e4a1357917085af905be07e42e7b914b3e9f26b692a5dd75b7c0	Kichwa kinauma.	direct-translation-link-human-contributed-unreviewed	2026-07-18	https://downloads.tatoeba.org/exports/per_language/eng/eng-swh_links.tsv.bz2	81a8c343458bb8fe472f1ff1f76b770da99604693b0b924a42cb1b2426fd30a9	pending-form-sha256-stage	source-copy	I have a headache.	0
heldout	en	eng	1775	CM	CC-BY-2.0-FR	https://tatoeba.org/en/sentences/show/1775	human-contributed-unreviewed	330332ef799aa8d6c68d86a30bde02a014bb277f80e40868ad8196edf8f77e2b	Where there's a will, there's a way.	sw	swh	562906	kebukebu	CC-BY-2.0-FR	https://tatoeba.org/en/sentences/show/562906	human-contributed-unreviewed	90e909ab41bb31754fb12f0062ff026850f4487cc45928cd0474ec1d7c362ddb	Penye nia, pana njia.	direct-translation-link-human-contributed-unreviewed	2026-07-18	https://downloads.tatoeba.org/exports/per_language/eng/eng-swh_links.tsv.bz2	81a8c343458bb8fe472f1ff1f76b770da99604693b0b924a42cb1b2426fd30a9	pending-form-sha256-stage	source-copy	Where there's a will, there's a way.	0
heldout	en	eng	1860	CK	CC-BY-2.0-FR	https://tatoeba.org/en/sentences/show/1860	human-contributed-unreviewed	12272ffcae1182e83caac2e613ceb62f942ce64c584f217d2d5f5452bdb9a20e	I don't want to go to school.	sw	swh	3633481	ecorralest101	CC-BY-2.0-FR	https://tatoeba.org/en/sentences/show/3633481	human-contributed-unreviewed	daaa92ff4d9ad0f06e9ac0ed701a72e8fa24ba7ae40e738be5ec895167022a25	Sitaki kwenda shule.	direct-translation-link-human-contributed-unreviewed	2026-07-18	https://downloads.tatoeba.org/exports/per_language/eng/eng-swh_links.tsv.bz2	81a8c343458bb8fe472f1ff1f76b770da99604693b0b924a42cb1b2426fd30a9	pending-form-sha256-stage	source-copy	I don't want to go to school.	0
development	en	eng	2216	CK	CC-BY-2.0-FR	https://tatoeba.org/en/sentences/show/2216	human-contributed-unreviewed	f9723b743d5e788680dbb09d19d42ed98f12f83c1af476b1ac0ba7b02c74e24e	Don't forget about us!	sw	swh	369341	Blaz	CC-BY-2.0-FR	https://tatoeba.org/en/sentences/show/369341	human-contributed-unreviewed	7777460d154c6c65b091a4cf7208e33d02ffb1ad323d654af8142e8485054079	Hutusahau!	direct-translation-link-human-contributed-unreviewed	2026-07-18	https://downloads.tatoeba.org/exports/per_language/eng/eng-swh_links.tsv.bz2	81a8c343458bb8fe472f1ff1f76b770da99604693b0b924a42cb1b2426fd30a9	pending-form-sha256-stage	source-copy	Don't forget about us!	0
development	en	eng	2418	brauliobezerra	CC-BY-2.0-FR	https://tatoeba.org/en/sentences/show/2418	human-contributed-unreviewed	616e447f08b559ff33977fa11b2d03816d0807067530abc1816e6438b7e996e8	How much is it?	sw	swh	1121720	megamanenm	CC-BY-2.0-FR	https://tatoeba.org/en/sentences/show/1121720	human-contributed-unreviewed	cf841e3cf992845ca3116ffa8bd959d26d1bf7b5e04e70b458ccf14cc395f27e	Ni bei gani?	direct-translation-link-human-contributed-unreviewed	2026-07-18	https://downloads.tatoeba.org/exports/per_language/eng/eng-swh_links.tsv.bz2	81a8c343458bb8fe472f1ff1f76b770da99604693b0b924a42cb1b2426fd30a9	pending-form-sha256-stage	source-copy	How much is it?	0
development	en	eng	9594	CK	CC-BY-2.0-FR	https://tatoeba.org/en/sentences/show/9594	human-contributed-unreviewed	57387e718c96b955992186c3cb0181bff83bd5bca84b49250d6c4a69d26b1eaa	Can you keep a secret?	sw	swh	3173001	ecorralest101	CC-BY-2.0-FR	https://tatoeba.org/en/sentences/show/3173001	human-contributed-unreviewed	f92a3e5d511359fc8dc2bce191a499d7997cb917ad0b2e69c1435daa83c896dc	Je, unaweza kutunza siri?	direct-translation-link-human-contributed-unreviewed	2026-07-18	https://downloads.tatoeba.org/exports/per_language/eng/eng-swh_links.tsv.bz2	81a8c343458bb8fe472f1ff1f76b770da99604693b0b924a42cb1b2426fd30a9	pending-form-sha256-stage	source-copy	Can you keep a secret?	0
development	en	eng	16492	CK	CC-BY-2.0-FR	https://tatoeba.org/en/sentences/show/16492	human-contributed-unreviewed	6cc6e34a3300d230e13e0c920b4e9daf7e127e46cd741d5800bbe415899d84a5	What are you doing?	sw	swh	1120863	megamanenm	CC-BY-2.0-FR	https://tatoeba.org/en/sentences/show/1120863	human-contributed-unreviewed	4f0b2875a140e0632cde525e646a5fe7c040b434dec84ca66d0ccde57f5604b1	Unafanya nini?	direct-translation-link-human-contributed-unreviewed	2026-07-18	https://downloads.tatoeba.org/exports/per_language/eng/eng-swh_links.tsv.bz2	81a8c343458bb8fe472f1ff1f76b770da99604693b0b924a42cb1b2426fd30a9	pending-form-sha256-stage	source-copy	What are you doing?	0
development	en	eng	16492	CK	CC-BY-2.0-FR	https://tatoeba.org/en/sentences/show/16492	human-contributed-unreviewed	6cc6e34a3300d230e13e0c920b4e9daf7e127e46cd741d5800bbe415899d84a5	What are you doing?	sw	swh	1120867	megamanenm	CC-BY-2.0-FR	https://tatoeba.org/en/sentences/show/1120867	human-contributed-unreviewed	9c88563677efbfcf68eb96c1ce4c7ff441e03db41d0e26560c7af2564af62ee9	Mnafanya nini?	direct-translation-link-human-contributed-unreviewed	2026-07-18	https://downloads.tatoeba.org/exports/per_language/eng/eng-swh_links.tsv.bz2	81a8c343458bb8fe472f1ff1f76b770da99604693b0b924a42cb1b2426fd30a9	pending-form-sha256-stage	source-copy	What are you doing?	0
heldout	en	eng	16525	CK	CC-BY-2.0-FR	https://tatoeba.org/en/sentences/show/16525	human-contributed-unreviewed	476b2ab9c4b571198870c5c2fd6775cf556b47d332a6fe8c3e2175119076087d	You have many books.	sw	swh	3175789	ecorralest101	CC-BY-2.0-FR	https://tatoeba.org/en/sentences/show/3175789	human-contributed-unreviewed	503dd0150a921fac4b0c82048fe20f4cbc243e6a142fa781ab10a3d5ace6ec9d	Una vitabu vingi.	direct-translation-link-human-contributed-unreviewed	2026-07-18	https://downloads.tatoeba.org/exports/per_language/eng/eng-swh_links.tsv.bz2	81a8c343458bb8fe472f1ff1f76b770da99604693b0b924a42cb1b2426fd30a9	pending-form-sha256-stage	source-copy	You have many books.	0
heldout	en	eng	16525	CK	CC-BY-2.0-FR	https://tatoeba.org/en/sentences/show/16525	human-contributed-unreviewed	476b2ab9c4b571198870c5c2fd6775cf556b47d332a6fe8c3e2175119076087d	You have many books.	sw	swh	3175792	ecorralest101	CC-BY-2.0-FR	https://tatoeba.org/en/sentences/show/3175792	human-contributed-unreviewed	e03937727c5345f8e5326d7ad7490e08734b4d77f228a45cc197f03a98e681c0	Mna vitabu vingi.	direct-translation-link-human-contributed-unreviewed	2026-07-18	https://downloads.tatoeba.org/exports/per_language/eng/eng-swh_links.tsv.bz2	81a8c343458bb8fe472f1ff1f76b770da99604693b0b924a42cb1b2426fd30a9	pending-form-sha256-stage	source-copy	You have many books.	0
development	en	eng	20099	Dejo	CC-BY-2.0-FR	https://tatoeba.org/en/sentences/show/20099	human-contributed-unreviewed	d0ce7eecec5d50a7efcdf23bf5e3f0abe43406785aceff8b363598e436f0e90c	You are teachers.	sw	swh	3173923	ecorralest101	CC-BY-2.0-FR	https://tatoeba.org/en/sentences/show/3173923	human-contributed-unreviewed	99eda5b6dfefcc9ca28fcc681c12df2d4e7fb74e273cc7f75eccf252043f6c27	Nyinyi ni waalimu.	direct-translation-link-human-contributed-unreviewed	2026-07-18	https://downloads.tatoeba.org/exports/per_language/eng/eng-swh_links.tsv.bz2	81a8c343458bb8fe472f1ff1f76b770da99604693b0b924a42cb1b2426fd30a9	pending-form-sha256-stage	source-copy	You are teachers.	0
development	en	eng	21678	CK	CC-BY-2.0-FR	https://tatoeba.org/en/sentences/show/21678	human-contributed-unreviewed	5bada5169b4924c2e26d7afbe77532d09acd32c9b6e96a1da1d4bd1bc2a994d0	Do you remember?	sw	swh	369344	Blaz	CC-BY-2.0-FR	https://tatoeba.org/en/sentences/show/369344	human-contributed-unreviewed	39404531de1b4562aaca2013f67c9c95fb66476fd55d0050609fb862490859ea	Unakumbuka?	direct-translation-link-human-contributed-unreviewed	2026-07-18	https://downloads.tatoeba.org/exports/per_language/eng/eng-swh_links.tsv.bz2	81a8c343458bb8fe472f1ff1f76b770da99604693b0b924a42cb1b2426fd30a9	pending-form-sha256-stage	source-copy	Do you remember?	0
development	en	eng	24081	CM	CC-BY-2.0-FR	https://tatoeba.org/en/sentences/show/24081	human-contributed-unreviewed	fa2e855697c6fb53bc2c6c1e1baab66beaf1a94f1f74f4cc282af7ad43efbfd9	How is your family?	sw	swh	2576633	ecorralest101	CC-BY-2.0-FR	https://tatoeba.org/en/sentences/show/2576633	human-contributed-unreviewed	e9c1974fdacd5478ec527d92aee9e911ae6286b3409992191ff84f085ef26613	Habari za nyumbani?	direct-translation-link-human-contributed-unreviewed	2026-07-18	https://downloads.tatoeba.org/exports/per_language/eng/eng-swh_links.tsv.bz2	81a8c343458bb8fe472f1ff1f76b770da99604693b0b924a42cb1b2426fd30a9	pending-form-sha256-stage	source-copy	How is your family?	0
development	en	eng	25029	CK	CC-BY-2.0-FR	https://tatoeba.org/en/sentences/show/25029	human-contributed-unreviewed	27a1c06e22fe21d78f06b50830465a9f24a69e472ec2bc9ec5867042a50e1a77	What's new?	sw	swh	700389	Alois	CC-BY-2.0-FR	https://tatoeba.org/en/sentences/show/700389	human-contributed-unreviewed	f247259a8f8ed931366fe7081ae79c59b887ee8d3a8e53e9b1799580c5fdab44	Habari gani?	direct-translation-link-human-contributed-unreviewed	2026-07-18	https://downloads.tatoeba.org/exports/per_language/eng/eng-swh_links.tsv.bz2	81a8c343458bb8fe472f1ff1f76b770da99604693b0b924a42cb1b2426fd30a9	pending-form-sha256-stage	source-copy	What's new?	0
development	en	eng	23932	CK	CC-BY-2.0-FR	https://tatoeba.org/en/sentences/show/23932	human-contributed-unreviewed	ef01f4066352e80a321f3a640f413e229a1ea1de2b47ba0f2e50886e80dd6248	Would you like some fruit?	sw	swh	3085981	ecorralest101	CC-BY-2.0-FR	https://tatoeba.org/en/sentences/show/3085981	human-contributed-unreviewed	00f00cc715f2d7b329a71596d102953c09d41d307009e7fba64a1b07f952ab24	Je, unataka matunda?	direct-translation-link-human-contributed-unreviewed	2026-07-18	https://downloads.tatoeba.org/exports/per_language/eng/eng-swh_links.tsv.bz2	81a8c343458bb8fe472f1ff1f76b770da99604693b0b924a42cb1b2426fd30a9	pending-form-sha256-stage	source-copy	Would you like some fruit?	0
development	en	eng	2322	CK	CC-BY-2.0-FR	https://tatoeba.org/en/sentences/show/2322	human-contributed-unreviewed	5fa6678df396d176f36fd0ba35684c69cb76aef10bafe99da4413fdcc4560ad6	It's not important.	sw	swh	6927235	DicExpander	CC-BY-2.0-FR	https://tatoeba.org/en/sentences/show/6927235	human-contributed-unreviewed	b4fe3e747475d9c7cbd73fee4f505392dc7e4504ec8bb2fa987484e617910af7	Si ya maana.	direct-translation-link-human-contributed-unreviewed	2026-07-18	https://downloads.tatoeba.org/exports/per_language/eng/eng-swh_links.tsv.bz2	81a8c343458bb8fe472f1ff1f76b770da99604693b0b924a42cb1b2426fd30a9	pending-form-sha256-stage	source-copy	It's not important.	0
development	en	eng	2322	CK	CC-BY-2.0-FR	https://tatoeba.org/en/sentences/show/2322	human-contributed-unreviewed	5fa6678df396d176f36fd0ba35684c69cb76aef10bafe99da4413fdcc4560ad6	It's not important.	sw	swh	6927233	DicExpander	CC-BY-2.0-FR	https://tatoeba.org/en/sentences/show/6927233	human-contributed-unreviewed	fc734eb8a0caf14aa78b7c504364727ef2667cbb72a111d7781788f88609f842	Si muhimu.	direct-translation-link-human-contributed-unreviewed	2026-07-18	https://downloads.tatoeba.org/exports/per_language/eng/eng-swh_links.tsv.bz2	81a8c343458bb8fe472f1ff1f76b770da99604693b0b924a42cb1b2426fd30a9	pending-form-sha256-stage	source-copy	It's not important.	0
development	en	eng	24426	CK	CC-BY-2.0-FR	https://tatoeba.org/en/sentences/show/24426	human-contributed-unreviewed	55cbb8e99d12e4408bad0bb9775bd16e06c9dfe5a5ed011814505f418211f64a	What is the price?	sw	swh	9501379	lovermann	CC-BY-2.0-FR	https://tatoeba.org/en/sentences/show/9501379	human-contributed-unreviewed	2e7a1e4ef9a8e8f0016de99be0b251af0710e77830a8eb6582fbbacd2a1404f8	Bei gani?	direct-translation-link-human-contributed-unreviewed	2026-07-18	https://downloads.tatoeba.org/exports/per_language/eng/eng-swh_links.tsv.bz2	81a8c343458bb8fe472f1ff1f76b770da99604693b0b924a42cb1b2426fd30a9	pending-form-sha256-stage	source-copy	What is the price?	0
heldout	en	eng	1410	Zifre	CC-BY-2.0-FR	https://tatoeba.org/en/sentences/show/1410	human-contributed-unreviewed	d55c08e9a975615c5fdb2d36bc70ac5b388a50eed8d69e2b3c7fbf873cfed453	You wanted to tell me about freedom?	sw	swh	10804299	ecorralest101	CC-BY-2.0-FR	https://tatoeba.org/en/sentences/show/10804299	human-contributed-unreviewed	d487263029833ef9cb4f4a385c84d57e19bdd3964f90c18dc285fa64b5f552e9	Ulitaka kunieleza kuhusu uhuru?	direct-translation-link-human-contributed-unreviewed	2026-07-18	https://downloads.tatoeba.org/exports/per_language/eng/eng-swh_links.tsv.bz2	81a8c343458bb8fe472f1ff1f76b770da99604693b0b924a42cb1b2426fd30a9	pending-form-sha256-stage	source-copy	You wanted to tell me about freedom?	0
development	en	eng	1883	Swift	CC-BY-2.0-FR	https://tatoeba.org/en/sentences/show/1883	human-contributed-unreviewed	8bd407627108e83954e530b5cbd71b6a856c230503346942eabf64004cdf3456	I started learning Chinese last week.	sw	swh	10804308	ecorralest101	CC-BY-2.0-FR	https://tatoeba.org/en/sentences/show/10804308	human-contributed-unreviewed	cd484e106d59ef7cbed660c862ef2ce886524c5e5b07013d7c13a9f0c3cb62b4	Nilianza kujifunza Kichina juma lililopita.	direct-translation-link-human-contributed-unreviewed	2026-07-18	https://downloads.tatoeba.org/exports/per_language/eng/eng-swh_links.tsv.bz2	81a8c343458bb8fe472f1ff1f76b770da99604693b0b924a42cb1b2426fd30a9	pending-form-sha256-stage	source-copy	I started learning Chinese last week.	0
development	en	eng	15938	Swift	CC-BY-2.0-FR	https://tatoeba.org/en/sentences/show/15938	human-contributed-unreviewed	f53c7a1b46fbfda86b35c5e555166e515ffa126b86e803582340366718c0620c	You are a good student.	sw	swh	10804471	ecorralest101	CC-BY-2.0-FR	https://tatoeba.org/en/sentences/show/10804471	human-contributed-unreviewed	d2647f7b00268d948df304db4620ec4871238e26a1240d1ff9e97bca441e9594	Wewe ni mwanafunzu mzuri.	direct-translation-link-human-contributed-unreviewed	2026-07-18	https://downloads.tatoeba.org/exports/per_language/eng/eng-swh_links.tsv.bz2	81a8c343458bb8fe472f1ff1f76b770da99604693b0b924a42cb1b2426fd30a9	pending-form-sha256-stage	source-copy	You are a good student.	0
development	en	eng	16174	Swift	CC-BY-2.0-FR	https://tatoeba.org/en/sentences/show/16174	human-contributed-unreviewed	7b575422ba664b3d744ca7ef716bfa9b42fcc4735f68ae3922803eef1c27409a	You have to turn in the reports on Monday.	sw	swh	10804478	ecorralest101	CC-BY-2.0-FR	https://tatoeba.org/en/sentences/show/10804478	human-contributed-unreviewed	7d2c37e8764eb3e047077c26883580d71dc4b1a99dac909725432adcb95341ec	Lazima uwasilishe ripoti Jumatatu.	direct-translation-link-human-contributed-unreviewed	2026-07-18	https://downloads.tatoeba.org/exports/per_language/eng/eng-swh_links.tsv.bz2	81a8c343458bb8fe472f1ff1f76b770da99604693b0b924a42cb1b2426fd30a9	pending-form-sha256-stage	source-copy	You have to turn in the reports on Monday.	0
development	en	eng	16259	CK	CC-BY-2.0-FR	https://tatoeba.org/en/sentences/show/16259	human-contributed-unreviewed	e75e6668e7c582c4183b077a0f2eb2a886cb940c2252433ea8c9297afb337c1b	What do you intend to do?	sw	swh	10804483	ecorralest101	CC-BY-2.0-FR	https://tatoeba.org/en/sentences/show/10804483	human-contributed-unreviewed	0b01a47bdc693c76f919652ec61dc850b54b03683b255fb82271cfe36717c992	Unanua kufanya nini?	direct-translation-link-human-contributed-unreviewed	2026-07-18	https://downloads.tatoeba.org/exports/per_language/eng/eng-swh_links.tsv.bz2	81a8c343458bb8fe472f1ff1f76b770da99604693b0b924a42cb1b2426fd30a9	pending-form-sha256-stage	source-copy	What do you intend to do?	0
development	en	eng	16731	Dejo	CC-BY-2.0-FR	https://tatoeba.org/en/sentences/show/16731	human-contributed-unreviewed	c84c4190604f55779c8371e6baad2bf3ace1637910fe49f6d206594fc280b3f1	Where are you from in Canada?	sw	swh	10804495	ecorralest101	CC-BY-2.0-FR	https://tatoeba.org/en/sentences/show/10804495	human-contributed-unreviewed	d0321a5f798901b1300c47f0f11081654e50f4133e0a0138670647dff9748ec4	Unatoka wapi huko Kanada?	direct-translation-link-human-contributed-unreviewed	2026-07-18	https://downloads.tatoeba.org/exports/per_language/eng/eng-swh_links.tsv.bz2	81a8c343458bb8fe472f1ff1f76b770da99604693b0b924a42cb1b2426fd30a9	pending-form-sha256-stage	source-copy	Where are you from in Canada?	0
development	en	eng	16762	CK	CC-BY-2.0-FR	https://tatoeba.org/en/sentences/show/16762	human-contributed-unreviewed	3a0e8da46a5147bc28d5f24dd2343fb35e0df17f2387ba8fb7528c3e348fc9f1	You always like to trip me up, don't you?	sw	swh	10804498	ecorralest101	CC-BY-2.0-FR	https://tatoeba.org/en/sentences/show/10804498	human-contributed-unreviewed	4d05fbf40e7140e0ceeccf87186d3fc79dd3c79580f5edfb3750e6555bcd0d1f	Unapenda kunifanyia mzaha, sio?	direct-translation-link-human-contributed-unreviewed	2026-07-18	https://downloads.tatoeba.org/exports/per_language/eng/eng-swh_links.tsv.bz2	81a8c343458bb8fe472f1ff1f76b770da99604693b0b924a42cb1b2426fd30a9	pending-form-sha256-stage	source-copy	You always like to trip me up, don't you?	0
development	en	eng	18719	Zifre	CC-BY-2.0-FR	https://tatoeba.org/en/sentences/show/18719	human-contributed-unreviewed	d6441063365c8e2fe70517bcefb7c50ac6b11dd232343051fd97e17932f2d094	Prices are high these days.	sw	swh	10804539	ecorralest101	CC-BY-2.0-FR	https://tatoeba.org/en/sentences/show/10804539	human-contributed-unreviewed	fdda091c260cec2600035e8920df1c99deeba46466e320e5b9de2479330366e4	Bei ziko juu mno siku hizi.	direct-translation-link-human-contributed-unreviewed	2026-07-18	https://downloads.tatoeba.org/exports/per_language/eng/eng-swh_links.tsv.bz2	81a8c343458bb8fe472f1ff1f76b770da99604693b0b924a42cb1b2426fd30a9	pending-form-sha256-stage	source-copy	Prices are high these days.	0
development	en	eng	18982	CK	CC-BY-2.0-FR	https://tatoeba.org/en/sentences/show/18982	human-contributed-unreviewed	ffe3a64665db538f04038dd0cac44b98bf85ded66efe8a10396340a0fe467b03	The bridge is open to traffic.	sw	swh	10804546	ecorralest101	CC-BY-2.0-FR	https://tatoeba.org/en/sentences/show/10804546	human-contributed-unreviewed	d6926d189afade9314ed234e584bb4f79aebca508ccc02cdd30bfca083e4a40d	Daraja liko wazi kwa trafiki.	direct-translation-link-human-contributed-unreviewed	2026-07-18	https://downloads.tatoeba.org/exports/per_language/eng/eng-swh_links.tsv.bz2	81a8c343458bb8fe472f1ff1f76b770da99604693b0b924a42cb1b2426fd30a9	pending-form-sha256-stage	source-copy	The bridge is open to traffic.	0
development	en	eng	19342	CK	CC-BY-2.0-FR	https://tatoeba.org/en/sentences/show/19342	human-contributed-unreviewed	34ca16c97ebb0d1aa1ad64bc244c4557c5b1c944c382bd5eb6820da41fffcfb8	Fish, please.	sw	swh	10804553	ecorralest101	CC-BY-2.0-FR	https://tatoeba.org/en/sentences/show/10804553	human-contributed-unreviewed	c72ebcca30b305cc5e48436ca2690b7f41fcde5e64652c7fc6f3b0ce18826c63	Samaki, tafadhali	direct-translation-link-human-contributed-unreviewed	2026-07-18	https://downloads.tatoeba.org/exports/per_language/eng/eng-swh_links.tsv.bz2	81a8c343458bb8fe472f1ff1f76b770da99604693b0b924a42cb1b2426fd30a9	pending-form-sha256-stage	source-copy	Fish, please.	0
development	en	eng	19702	CK	CC-BY-2.0-FR	https://tatoeba.org/en/sentences/show/19702	human-contributed-unreviewed	94785abb9e1290eceebf6a1004f26949b152a9049aaca861f31103e95d322924	You'll miss the train if you don't hurry.	sw	swh	10804558	ecorralest101	CC-BY-2.0-FR	https://tatoeba.org/en/sentences/show/10804558	human-contributed-unreviewed	931f70a5d333a5fddc5a3942fc3abfb250f4ff1f16b1e9fb233c0b541d4c8c03	Utaachwa na garimoshi usipoharakisha.	direct-translation-link-human-contributed-unreviewed	2026-07-18	https://downloads.tatoeba.org/exports/per_language/eng/eng-swh_links.tsv.bz2	81a8c343458bb8fe472f1ff1f76b770da99604693b0b924a42cb1b2426fd30a9	pending-form-sha256-stage	source-copy	You'll miss the train if you don't hurry.	0
development	en	eng	19983	fishda	CC-BY-2.0-FR	https://tatoeba.org/en/sentences/show/19983	human-contributed-unreviewed	ac0aabe18ecfe061fc20e2c0998a9e9bee6698ca926fa0727ae2fd62b58aaad5	Discussion is based upon mutual respect.	sw	swh	10804563	ecorralest101	CC-BY-2.0-FR	https://tatoeba.org/en/sentences/show/10804563	human-contributed-unreviewed	a109dddf47de8bcc7d7048e571c0609f28bb6d0df31be8e99825ce819fc7448d	Majadiliano yanategemea kustahiana.	direct-translation-link-human-contributed-unreviewed	2026-07-18	https://downloads.tatoeba.org/exports/per_language/eng/eng-swh_links.tsv.bz2	81a8c343458bb8fe472f1ff1f76b770da99604693b0b924a42cb1b2426fd30a9	pending-form-sha256-stage	source-copy	Discussion is based upon mutual respect.	0
development	en	eng	20071	Dejo	CC-BY-2.0-FR	https://tatoeba.org/en/sentences/show/20071	human-contributed-unreviewed	2a18af7a7ac8bbc6e3f48036379efa7db623613be57cf984c714877d2820efa9	In the days of the knights, they wore shields to protect themselves from sword-fight wounds.	sw	swh	10804566	ecorralest101	CC-BY-2.0-FR	https://tatoeba.org/en/sentences/show/10804566	human-contributed-unreviewed	97d978cd3e09f6f6eef5d3961083888cdeaea930c8b1e2322ced24f83d53fdc8	Katika siku za vita, walivaa ngao kujilinda na majeraha ya mapanga.	direct-translation-link-human-contributed-unreviewed	2026-07-18	https://downloads.tatoeba.org/exports/per_language/eng/eng-swh_links.tsv.bz2	81a8c343458bb8fe472f1ff1f76b770da99604693b0b924a42cb1b2426fd30a9	pending-form-sha256-stage	source-copy	In the days of the knights, they wore shields to protect themselves from sword-fight wounds.	0
development	en	eng	20081	Scott	CC-BY-2.0-FR	https://tatoeba.org/en/sentences/show/20081	human-contributed-unreviewed	40e9132b08e172cabda5e6a7d6dd3b8c8dd2e8125b12d400ac0438c3ef77a05e	We can say that Japan was fighting a constant battle against hunger during the war.	sw	swh	10804570	ecorralest101	CC-BY-2.0-FR	https://tatoeba.org/en/sentences/show/10804570	human-contributed-unreviewed	1f4154b619dbf21241ea26045d500b6d45db0929d6bd3dd03d24515a1764a511	Tunaweza kusema kuwa Japan ilikuwa ikipigana vita vya mara kwa mara dhidi ya njaa wakati wa vita.	direct-translation-link-human-contributed-unreviewed	2026-07-18	https://downloads.tatoeba.org/exports/per_language/eng/eng-swh_links.tsv.bz2	81a8c343458bb8fe472f1ff1f76b770da99604693b0b924a42cb1b2426fd30a9	pending-form-sha256-stage	source-copy	We can say that Japan was fighting a constant battle against hunger during the war.	0
development	en	eng	20161	CK	CC-BY-2.0-FR	https://tatoeba.org/en/sentences/show/20161	human-contributed-unreviewed	b650fe6f2e3539d19e6cceb6eea320da16fd1bcbf3d297fcac8a39ece0abc1fa	If the quality of your product meets with our customer's approval, we will place regular orders.	sw	swh	10804573	ecorralest101	CC-BY-2.0-FR	https://tatoeba.org/en/sentences/show/10804573	human-contributed-unreviewed	9ca885753ed0a42fef4fa6f3cb568c57862cc9e49f72b62c36d419173af2abed	Ikiwa ubora wa bidhaa yako inafurahisha wateja wetu, tutaweka maagizo ya kila mara.	direct-translation-link-human-contributed-unreviewed	2026-07-18	https://downloads.tatoeba.org/exports/per_language/eng/eng-swh_links.tsv.bz2	81a8c343458bb8fe472f1ff1f76b770da99604693b0b924a42cb1b2426fd30a9	pending-form-sha256-stage	source-copy	If the quality of your product meets with our customer's approval, we will place regular orders.	0
development	en	eng	20191	shekitten	CC-BY-2.0-FR	https://tatoeba.org/en/sentences/show/20191	human-contributed-unreviewed	7d090a070da1ac6cfc32213b7b15b85db16beb3720016dd5eeda937a3562285e	During the press conference, the President touched on foreign relations.	sw	swh	10804576	ecorralest101	CC-BY-2.0-FR	https://tatoeba.org/en/sentences/show/10804576	human-contributed-unreviewed	f45ce4095f827bef4e8af79a93f7220e0da41f8395789b9fed5283b3caa8265b	Wakati wa mkutano na waandishi wa habari, Rais alizungumza kuhusu uhusiano wa nje.	direct-translation-link-human-contributed-unreviewed	2026-07-18	https://downloads.tatoeba.org/exports/per_language/eng/eng-swh_links.tsv.bz2	81a8c343458bb8fe472f1ff1f76b770da99604693b0b924a42cb1b2426fd30a9	pending-form-sha256-stage	source-copy	During the press conference, the President touched on foreign relations.	0
development	en	eng	20241	fishda	CC-BY-2.0-FR	https://tatoeba.org/en/sentences/show/20241	human-contributed-unreviewed	7ce6cc8509dada0d4429c78857a370bb6600f4b63f43259d47b267cf5d3be834	A whistle blew, and the boat slowly began to pull out of port.	sw	swh	10804579	ecorralest101	CC-BY-2.0-FR	https://tatoeba.org/en/sentences/show/10804579	human-contributed-unreviewed	ef87efd02fc6456a83989c4d3f70e9b9822415e8603163360f37468fe614745d	Filimbi ililia, na mashua ikaanza polepole kutoka bandarini.	direct-translation-link-human-contributed-unreviewed	2026-07-18	https://downloads.tatoeba.org/exports/per_language/eng/eng-swh_links.tsv.bz2	81a8c343458bb8fe472f1ff1f76b770da99604693b0b924a42cb1b2426fd30a9	pending-form-sha256-stage	source-copy	A whistle blew, and the boat slowly began to pull out of port.	0
heldout	en	eng	20420	CN	CC-BY-2.0-FR	https://tatoeba.org/en/sentences/show/20420	human-contributed-unreviewed	3e2bd6ee7ec95037e3cecbab9388a966f1d52c726f16f993d5814528d64b580e	I met Naomi on my way home and we had a chat.	sw	swh	10804584	ecorralest101	CC-BY-2.0-FR	https://tatoeba.org/en/sentences/show/10804584	human-contributed-unreviewed	6aceb46341145b0da7de1ad7867129009ea7b2c1432eac15472eb7aead1d5f43	Nilikutana na Naomi nilipokuwa nikirudi nyumbani na tukawa na mazungumzo.	direct-translation-link-human-contributed-unreviewed	2026-07-18	https://downloads.tatoeba.org/exports/per_language/eng/eng-swh_links.tsv.bz2	81a8c343458bb8fe472f1ff1f76b770da99604693b0b924a42cb1b2426fd30a9	pending-form-sha256-stage	source-copy	I met Naomi on my way home and we had a chat.	0
development	en	eng	20598	papabear	CC-BY-2.0-FR	https://tatoeba.org/en/sentences/show/20598	human-contributed-unreviewed	3fa096c95dae3630d54782e807da9f2acfceb54ae2a74a3b9defb0ca2cabbc0b	After having fought many hard battles, we were able to bring home the bacon and set up a new government.	sw	swh	10804589	ecorralest101	CC-BY-2.0-FR	https://tatoeba.org/en/sentences/show/10804589	human-contributed-unreviewed	813a8410be7ed6a47744bef3a03001ac26e283b0134567a66d70780b83a1e55b	Baada ya kupigana vita vingi ngumu, tuliweza kuleta matekeo ya maana na kuanzisha serikali mpya.	direct-translation-link-human-contributed-unreviewed	2026-07-18	https://downloads.tatoeba.org/exports/per_language/eng/eng-swh_links.tsv.bz2	81a8c343458bb8fe472f1ff1f76b770da99604693b0b924a42cb1b2426fd30a9	pending-form-sha256-stage	source-copy	After having fought many hard battles, we were able to bring home the bacon and set up a new government.	0
development	en	eng	20636	al_ex_an_der	CC-BY-2.0-FR	https://tatoeba.org/en/sentences/show/20636	human-contributed-unreviewed	1f97d53bd38877e9de8b2a18c86309c6131d05e74ad40e1da0be2c5451a59e9e	Strange to say, he didn't know the news.	sw	swh	10804594	ecorralest101	CC-BY-2.0-FR	https://tatoeba.org/en/sentences/show/10804594	human-contributed-unreviewed	fd7f3f1cb869feaf3986affb39c8e9c8d16cd6eae9fca3002deb35ebf8335622	Ni ajabu kusema, hakuwa anajua taarifa.	direct-translation-link-human-contributed-unreviewed	2026-07-18	https://downloads.tatoeba.org/exports/per_language/eng/eng-swh_links.tsv.bz2	81a8c343458bb8fe472f1ff1f76b770da99604693b0b924a42cb1b2426fd30a9	pending-form-sha256-stage	source-copy	Strange to say, he didn't know the news.	0
development	en	eng	20751	Scott	CC-BY-2.0-FR	https://tatoeba.org/en/sentences/show/20751	human-contributed-unreviewed	ad42a6dbf0b296ee5f1db9961366c08a590998079a7864d7b3ad06c7005c7efa	Billy often hits his face against windows.	sw	swh	10804600	ecorralest101	CC-BY-2.0-FR	https://tatoeba.org/en/sentences/show/10804600	human-contributed-unreviewed	888ae54f10e3b3f9f69757f15f108a24e4e903d1390fe3d623b9d3a1c415c73c	Mara nyingi Billy hugonga uso wake madirishani.	direct-translation-link-human-contributed-unreviewed	2026-07-18	https://downloads.tatoeba.org/exports/per_language/eng/eng-swh_links.tsv.bz2	81a8c343458bb8fe472f1ff1f76b770da99604693b0b924a42cb1b2426fd30a9	pending-form-sha256-stage	source-copy	Billy often hits his face against windows.	0
development	en	eng	20779	Delayedecholalia	CC-BY-2.0-FR	https://tatoeba.org/en/sentences/show/20779	human-contributed-unreviewed	612d8ffcafdf94894a00b3005f4b1cd00f7de8879e9997ebbdd5984b7f62d217	If it becomes stubborn indeed it stands alone.	sw	swh	10804604	ecorralest101	CC-BY-2.0-FR	https://tatoeba.org/en/sentences/show/10804604	human-contributed-unreviewed	f31a01587985c5b7c2a0ef36da1b8af57b09a63f459a318a2e3df1d258e2ddd1	Ikiwa inakuwa mkaidi kweli inasimama peke yake.	direct-translation-link-human-contributed-unreviewed	2026-07-18	https://downloads.tatoeba.org/exports/per_language/eng/eng-swh_links.tsv.bz2	81a8c343458bb8fe472f1ff1f76b770da99604693b0b924a42cb1b2426fd30a9	pending-form-sha256-stage	source-copy	If it becomes stubborn indeed it stands alone.	0
heldout	en	eng	20910	ToxicFriu	CC-BY-2.0-FR	https://tatoeba.org/en/sentences/show/20910	human-contributed-unreviewed	2564037cbdb117d6d503dbfaccd5f2bf3bcc12d1625d72ef022b2fbc2a9a11e8	The audience was excited at the game.	sw	swh	10804610	ecorralest101	CC-BY-2.0-FR	https://tatoeba.org/en/sentences/show/10804610	human-contributed-unreviewed	8c6dd68dc1db77a52eee37bc26c2bb70fc8cf84769d2e7a6d6f07d68f18a49e8	Hadhira walifurahia mchezo.	direct-translation-link-human-contributed-unreviewed	2026-07-18	https://downloads.tatoeba.org/exports/per_language/eng/eng-swh_links.tsv.bz2	81a8c343458bb8fe472f1ff1f76b770da99604693b0b924a42cb1b2426fd30a9	pending-form-sha256-stage	source-copy	The audience was excited at the game.	0
heldout	en	eng	21000	Yeti	CC-BY-2.0-FR	https://tatoeba.org/en/sentences/show/21000	human-contributed-unreviewed	6c92c18b24dddb308b5330063bc9062b1fe6f7557e057b6899a36df44b1c2306	He left his team as he could not get along with the manager.	sw	swh	10804613	ecorralest101	CC-BY-2.0-FR	https://tatoeba.org/en/sentences/show/10804613	human-contributed-unreviewed	08773125b29ec5437102d0bf01a1fbb93597fcf1df5e28f3bb4f5352e9e20ea5	Aliacha timu yake kwa kuwa hakuelewana na meneja.	direct-translation-link-human-contributed-unreviewed	2026-07-18	https://downloads.tatoeba.org/exports/per_language/eng/eng-swh_links.tsv.bz2	81a8c343458bb8fe472f1ff1f76b770da99604693b0b924a42cb1b2426fd30a9	pending-form-sha256-stage	source-copy	He left his team as he could not get along with the manager.	0
development	en	eng	21031	AlanF_US	CC-BY-2.0-FR	https://tatoeba.org/en/sentences/show/21031	human-contributed-unreviewed	8ebd26ed048bb7f39922bf2b59953a52fdab81e5f4d91269983687524c966c62	Shouts of joy burst forth.	sw	swh	10804616	ecorralest101	CC-BY-2.0-FR	https://tatoeba.org/en/sentences/show/10804616	human-contributed-unreviewed	57c60b6bbaa9651b6ba50aa915eec17994511c20142ef741eaf3c12442d21cdc	Shangwe na nderemo zilisikika.	direct-translation-link-human-contributed-unreviewed	2026-07-18	https://downloads.tatoeba.org/exports/per_language/eng/eng-swh_links.tsv.bz2	81a8c343458bb8fe472f1ff1f76b770da99604693b0b924a42cb1b2426fd30a9	pending-form-sha256-stage	source-copy	Shouts of joy burst forth.	0
development	en	eng	21088	fishda	CC-BY-2.0-FR	https://tatoeba.org/en/sentences/show/21088	human-contributed-unreviewed	89f0a19b3fc2032c92e10427a8bb9e4c654366b32b8fe991c2f70216d776bad1	I beat him completely in the debate.	sw	swh	10804619	ecorralest101	CC-BY-2.0-FR	https://tatoeba.org/en/sentences/show/10804619	human-contributed-unreviewed	90ecb1dd278ab1e3905d4a8347cda2069bfd27be42e3363110bc199eb66dcc5d	Nilimshinda kabisa kwenye mjadala.	direct-translation-link-human-contributed-unreviewed	2026-07-18	https://downloads.tatoeba.org/exports/per_language/eng/eng-swh_links.tsv.bz2	81a8c343458bb8fe472f1ff1f76b770da99604693b0b924a42cb1b2426fd30a9	pending-form-sha256-stage	source-copy	I beat him completely in the debate.	0
development	en	eng	21094	fishda	CC-BY-2.0-FR	https://tatoeba.org/en/sentences/show/21094	human-contributed-unreviewed	dce14f273ef67b1036b874d9c75d18f1a9e86e087f37a7d20b10a35c18cc12b6	You have our permission to include our software on condition that you send us a copy of the final product.	sw	swh	10804623	ecorralest101	CC-BY-2.0-FR	https://tatoeba.org/en/sentences/show/10804623	human-contributed-unreviewed	9c7fc0bf18125d26b6b3c6b70358f290ef129f1d246ed0acb4b4bdf153161fae	Una ruhusa yetu kujumuisha programu yetu kwa sharti kwamba ututumie nakala ya bidhaa ya mwisho.	direct-translation-link-human-contributed-unreviewed	2026-07-18	https://downloads.tatoeba.org/exports/per_language/eng/eng-swh_links.tsv.bz2	81a8c343458bb8fe472f1ff1f76b770da99604693b0b924a42cb1b2426fd30a9	pending-form-sha256-stage	source-copy	You have our permission to include our software on condition that you send us a copy of the final product.	0
development	en	eng	21243	kremel	CC-BY-2.0-FR	https://tatoeba.org/en/sentences/show/21243	human-contributed-unreviewed	988ef84ef105002ed60fac08d7cf2fd17f7ff6de55a4564b42c371617d906370	An old oak is groaning in the storm.	sw	swh	10804627	ecorralest101	CC-BY-2.0-FR	https://tatoeba.org/en/sentences/show/10804627	human-contributed-unreviewed	b2578d206024a540d0326732ed8e8b18aa7a56675814c0261b3316caeb92772b	Mwaloni mzee anaguruma katika dhoruba.	direct-translation-link-human-contributed-unreviewed	2026-07-18	https://downloads.tatoeba.org/exports/per_language/eng/eng-swh_links.tsv.bz2	81a8c343458bb8fe472f1ff1f76b770da99604693b0b924a42cb1b2426fd30a9	pending-form-sha256-stage	source-copy	An old oak is groaning in the storm.	0
development	en	eng	21247	moman	CC-BY-2.0-FR	https://tatoeba.org/en/sentences/show/21247	human-contributed-unreviewed	69e4cc40a09ac44dc28360f939a27c8646dd235583fce9ce4870591034d11cac	My forehead burned with fever.	sw	swh	10804630	ecorralest101	CC-BY-2.0-FR	https://tatoeba.org/en/sentences/show/10804630	human-contributed-unreviewed	afb1ce168cdeda4ece6c687949c5ebb9e58820f1331e0d7024c628261597e410	Kisogo changu kiliungua kwa joto kali.	direct-translation-link-human-contributed-unreviewed	2026-07-18	https://downloads.tatoeba.org/exports/per_language/eng/eng-swh_links.tsv.bz2	81a8c343458bb8fe472f1ff1f76b770da99604693b0b924a42cb1b2426fd30a9	pending-form-sha256-stage	source-copy	My forehead burned with fever.	0
development	en	eng	21479	Whiskkebarr	CC-BY-2.0-FR	https://tatoeba.org/en/sentences/show/21479	human-contributed-unreviewed	644ccf1f935892dc316165a82644205fbdfa934901a77de1b946903da4ba5aa3	I graduated from the school.	sw	swh	10804636	ecorralest101	CC-BY-2.0-FR	https://tatoeba.org/en/sentences/show/10804636	human-contributed-unreviewed	000976d887899ca4e14a781cfee6ac24c383bd89fca89bb7a0f58f154503c239	Nilihitimu kutoka shule.	direct-translation-link-human-contributed-unreviewed	2026-07-18	https://downloads.tatoeba.org/exports/per_language/eng/eng-swh_links.tsv.bz2	81a8c343458bb8fe472f1ff1f76b770da99604693b0b924a42cb1b2426fd30a9	pending-form-sha256-stage	source-copy	I graduated from the school.	0
development	en	eng	21497	Swift	CC-BY-2.0-FR	https://tatoeba.org/en/sentences/show/21497	human-contributed-unreviewed	04764e00cbdc0033ff9fc5d0c4ef057f960567f4ad9cf1421768356852ffad2b	Remember to post the letter on your way to school.	sw	swh	10804640	ecorralest101	CC-BY-2.0-FR	https://tatoeba.org/en/sentences/show/10804640	human-contributed-unreviewed	8187d9ad87a0a7488db02a30fa167942b68aa7be3c14f538affac6de3c7b2a72	Kumbuka kutuma barua unapoelekea shule.	direct-translation-link-human-contributed-unreviewed	2026-07-18	https://downloads.tatoeba.org/exports/per_language/eng/eng-swh_links.tsv.bz2	81a8c343458bb8fe472f1ff1f76b770da99604693b0b924a42cb1b2426fd30a9	pending-form-sha256-stage	source-copy	Remember to post the letter on your way to school.	0
development	en	eng	21613	Zifre	CC-BY-2.0-FR	https://tatoeba.org/en/sentences/show/21613	human-contributed-unreviewed	cc765100b23a4b450115f027f2409f8cf568b4d3309dea992c710cd2faab0ceb	This was third school shooting incident in six months.	sw	swh	10804644	ecorralest101	CC-BY-2.0-FR	https://tatoeba.org/en/sentences/show/10804644	human-contributed-unreviewed	82322f3b13ed31d5906d9b40c1b6ed653acf56fb7f42bcfb6cd36e5e0bc7cdd6	Hili lilikuwa tukio la tatu laq ufiatuaji risasi katika shule ndani ya miezi sita.	direct-translation-link-human-contributed-unreviewed	2026-07-18	https://downloads.tatoeba.org/exports/per_language/eng/eng-swh_links.tsv.bz2	81a8c343458bb8fe472f1ff1f76b770da99604693b0b924a42cb1b2426fd30a9	pending-form-sha256-stage	source-copy	This was third school shooting incident in six months.	0
development	en	eng	21688	auxitt	CC-BY-2.0-FR	https://tatoeba.org/en/sentences/show/21688	human-contributed-unreviewed	c6e79380405973788d1f2f3ff486c5da1a252c402ead465be1a86c522029d0a2	Indeed she is young and beautiful, but she is in delicate health.	sw	swh	10804648	ecorralest101	CC-BY-2.0-FR	https://tatoeba.org/en/sentences/show/10804648	human-contributed-unreviewed	cbf4cfe297ea30e2854e81e42a2032e55ceeef1c86bc7c98e24c537775a0144b	Hakika yeye ni mchanga na mrembo, lakini ana afya dhaifu.	direct-translation-link-human-contributed-unreviewed	2026-07-18	https://downloads.tatoeba.org/exports/per_language/eng/eng-swh_links.tsv.bz2	81a8c343458bb8fe472f1ff1f76b770da99604693b0b924a42cb1b2426fd30a9	pending-form-sha256-stage	source-copy	Indeed she is young and beautiful, but she is in delicate health.	0
development	en	eng	21829	AlanF_US	CC-BY-2.0-FR	https://tatoeba.org/en/sentences/show/21829	human-contributed-unreviewed	4f5e57d182752714503b96c364c6f506109b66c84add77a7ed990fa64640048a	If you shout from the top of a cliff, you can hear the echo of your voice.	sw	swh	10804651	ecorralest101	CC-BY-2.0-FR	https://tatoeba.org/en/sentences/show/10804651	human-contributed-unreviewed	6da1dc110ac26db8bdd40c23a3f0e775371cacdbfb4be6f240ea3bd2aa9a7754	Ukipiga kelele juu ya mwamba, unaweza kusikia mwangwi wa sauti yako.	direct-translation-link-human-contributed-unreviewed	2026-07-18	https://downloads.tatoeba.org/exports/per_language/eng/eng-swh_links.tsv.bz2	81a8c343458bb8fe472f1ff1f76b770da99604693b0b924a42cb1b2426fd30a9	pending-form-sha256-stage	source-copy	If you shout from the top of a cliff, you can hear the echo of your voice.	0
development	en	eng	22097	RJH	CC-BY-2.0-FR	https://tatoeba.org/en/sentences/show/22097	human-contributed-unreviewed	9746ef4ac247f84d21ff7d827fb9d06e5e9bc7a440b3f3d4ae33d7a27d9077d5	A cellar was dug on top of the hill and they slowly moved the house from the road to the hill.	sw	swh	10804657	ecorralest101	CC-BY-2.0-FR	https://tatoeba.org/en/sentences/show/10804657	human-contributed-unreviewed	9414535df9fe97da00d2680a2ed7682378a4165d47ab1d86e5956b32d5a2e85a	Pishi lilichimbwa juu ya kilima na polepole walihama nyumba hiyo kutoka barabarani kwenda kilimani.	direct-translation-link-human-contributed-unreviewed	2026-07-18	https://downloads.tatoeba.org/exports/per_language/eng/eng-swh_links.tsv.bz2	81a8c343458bb8fe472f1ff1f76b770da99604693b0b924a42cb1b2426fd30a9	pending-form-sha256-stage	source-copy	A cellar was dug on top of the hill and they slowly moved the house from the road to the hill.	0
development	en	eng	22121	CM	CC-BY-2.0-FR	https://tatoeba.org/en/sentences/show/22121	human-contributed-unreviewed	b3869ffc263b831e84c3ccf73a738b94c5c2707da15239d50f6be2baef2e145d	All aboard!	sw	swh	10804660	ecorralest101	CC-BY-2.0-FR	https://tatoeba.org/en/sentences/show/10804660	human-contributed-unreviewed	4f89b367545e4825d50d8bab41bd3222870d22cee0c58df05c48605a7e1d54bf	Wote ndani!	direct-translation-link-human-contributed-unreviewed	2026-07-18	https://downloads.tatoeba.org/exports/per_language/eng/eng-swh_links.tsv.bz2	81a8c343458bb8fe472f1ff1f76b770da99604693b0b924a42cb1b2426fd30a9	pending-form-sha256-stage	source-copy	All aboard!	0
heldout	en	eng	22125	AlanF_US	CC-BY-2.0-FR	https://tatoeba.org/en/sentences/show/22125	human-contributed-unreviewed	ef81bbfa93011d9f93ce6a2447d67aecfad4e75054e87ed3cf1730fd9189febf	All right, everyone, let's not stand on ceremony tonight. Cheers!	sw	swh	10804663	ecorralest101	CC-BY-2.0-FR	https://tatoeba.org/en/sentences/show/10804663	human-contributed-unreviewed	5a4f68e3638a739b2d3a6a179971093d9a7bb44ae71783f3b4efcd075418194c	Haya, kila mtu, na tusisimame kwenye sherehe leo jioni. Chereko!	direct-translation-link-human-contributed-unreviewed	2026-07-18	https://downloads.tatoeba.org/exports/per_language/eng/eng-swh_links.tsv.bz2	81a8c343458bb8fe472f1ff1f76b770da99604693b0b924a42cb1b2426fd30a9	pending-form-sha256-stage	source-copy	All right, everyone, let's not stand on ceremony tonight. Cheers!	0
heldout	en	eng	22130	CK	CC-BY-2.0-FR	https://tatoeba.org/en/sentences/show/22130	human-contributed-unreviewed	21420e7e8f2e5011133ab9a1e57c9d5a44860e02b6d7dadfc8610250e4819f79	Everybody took a hostile attitude toward illegal aliens.	sw	swh	10804666	ecorralest101	CC-BY-2.0-FR	https://tatoeba.org/en/sentences/show/10804666	human-contributed-unreviewed	02e34e9fa7a4ddde8940f3339fb3607cf21c8604dd1b91c1ebbe85a5f18807e4	Kila mtu alikuwa na mtazamo wa uhasama kwa wageni haramu.	direct-translation-link-human-contributed-unreviewed	2026-07-18	https://downloads.tatoeba.org/exports/per_language/eng/eng-swh_links.tsv.bz2	81a8c343458bb8fe472f1ff1f76b770da99604693b0b924a42cb1b2426fd30a9	pending-form-sha256-stage	source-copy	Everybody took a hostile attitude toward illegal aliens.	0
heldout	en	eng	22160	U2FS	CC-BY-2.0-FR	https://tatoeba.org/en/sentences/show/22160	human-contributed-unreviewed	49c218e774374f9d0f697e48b98e4c475deb6b652c4c39afe54b5f6f87e98e78	The pirates buried their treasure in the ground.	sw	swh	10804669	ecorralest101	CC-BY-2.0-FR	https://tatoeba.org/en/sentences/show/10804669	human-contributed-unreviewed	c39cebd5fe981715b08a673f042ea3e09d0044444af59b251f53e674b7fc3ffc	Maharamia walizika hazina yao ardhini.	direct-translation-link-human-contributed-unreviewed	2026-07-18	https://downloads.tatoeba.org/exports/per_language/eng/eng-swh_links.tsv.bz2	81a8c343458bb8fe472f1ff1f76b770da99604693b0b924a42cb1b2426fd30a9	pending-form-sha256-stage	source-copy	The pirates buried their treasure in the ground.	0
heldout	en	eng	22210	auxitt	CC-BY-2.0-FR	https://tatoeba.org/en/sentences/show/22210	human-contributed-unreviewed	c7438cc5fa05b28d136111f2036dd820c9edb5d8016d127478adb652aa5c255b	By studying overseas, students can come into contact with other manners and customs.	sw	swh	10804672	ecorralest101	CC-BY-2.0-FR	https://tatoeba.org/en/sentences/show/10804672	human-contributed-unreviewed	a4875b487bde4e170c874c4f7518e395a7686c9adc0e4a0ef19c17f30f82c9cb	Kwa kusoma ng'ambo, wanafunzi wanaweza kutangamana na tabia na mila zingine.	direct-translation-link-human-contributed-unreviewed	2026-07-18	https://downloads.tatoeba.org/exports/per_language/eng/eng-swh_links.tsv.bz2	81a8c343458bb8fe472f1ff1f76b770da99604693b0b924a42cb1b2426fd30a9	pending-form-sha256-stage	source-copy	By studying overseas, students can come into contact with other manners and customs.	0
development	en	eng	22249	Dejo	CC-BY-2.0-FR	https://tatoeba.org/en/sentences/show/22249	human-contributed-unreviewed	9c265a4d90427b378ed25b279262da1e2f6eadc06161d5915ecf3d0c0b25ed56	If you go underwater, hold your nose and blow to clear your ears.	sw	swh	10804675	ecorralest101	CC-BY-2.0-FR	https://tatoeba.org/en/sentences/show/10804675	human-contributed-unreviewed	f752c7b198c635d4e4678fcb69cd4f86d7906e8971c6f7f9c6abfdc53c01e72c	Ikiwa unaenda chini ya maji, shika pua yako na pigo ili kusafisha masikio yako.	direct-translation-link-human-contributed-unreviewed	2026-07-18	https://downloads.tatoeba.org/exports/per_language/eng/eng-swh_links.tsv.bz2	81a8c343458bb8fe472f1ff1f76b770da99604693b0b924a42cb1b2426fd30a9	pending-form-sha256-stage	source-copy	If you go underwater, hold your nose and blow to clear your ears.	0
development	en	eng	22284	SadeN	CC-BY-2.0-FR	https://tatoeba.org/en/sentences/show/22284	human-contributed-unreviewed	2064b5ec32a8bb7925ec82bb3d6b2dc1228b78d10d5d7b8585af65a85d8302a1	There go the twelve bars blues.	sw	swh	10804679	ecorralest101	CC-BY-2.0-FR	https://tatoeba.org/en/sentences/show/10804679	human-contributed-unreviewed	d9705791e3892b4397d2ac3fa9b0ea6c67eee658cc268005f0aeb0d8d3b67be6	Inapitia vipigwa kumi na viwili.	direct-translation-link-human-contributed-unreviewed	2026-07-18	https://downloads.tatoeba.org/exports/per_language/eng/eng-swh_links.tsv.bz2	81a8c343458bb8fe472f1ff1f76b770da99604693b0b924a42cb1b2426fd30a9	pending-form-sha256-stage	source-copy	There go the twelve bars blues.	0
development	en	eng	22287	Zifre	CC-BY-2.0-FR	https://tatoeba.org/en/sentences/show/22287	human-contributed-unreviewed	b037eaad73a2d4a5876172323dcffa684f2b8263dc00d865e0f6da01ec728b19	Hearing the monster's footsteps, they began running in all directions.	sw	swh	10804682	ecorralest101	CC-BY-2.0-FR	https://tatoeba.org/en/sentences/show/10804682	human-contributed-unreviewed	465916d4657d09039fc6458404da7c7610ae5c6b87836124c5524647df735ee1	Kusikia nyayo za mizimu, wakaanza kukimbia pande zote.	direct-translation-link-human-contributed-unreviewed	2026-07-18	https://downloads.tatoeba.org/exports/per_language/eng/eng-swh_links.tsv.bz2	81a8c343458bb8fe472f1ff1f76b770da99604693b0b924a42cb1b2426fd30a9	pending-form-sha256-stage	source-copy	Hearing the monster's footsteps, they began running in all directions.	0
development	en	eng	22291	CK	CC-BY-2.0-FR	https://tatoeba.org/en/sentences/show/22291	human-contributed-unreviewed	1991b35c843c1bba7a0a553ba2769bce7676a9126cfdac5ad61ea8e1e0bcd98f	We could hear the groans of the injured man.	sw	swh	10804685	ecorralest101	CC-BY-2.0-FR	https://tatoeba.org/en/sentences/show/10804685	human-contributed-unreviewed	29ff60316447926d2e46863c9f57c3557af2f492ede05d5befe917473e25a125	Tuliweza kusikia miguno ya mtu aliyejeruhiwa.	direct-translation-link-human-contributed-unreviewed	2026-07-18	https://downloads.tatoeba.org/exports/per_language/eng/eng-swh_links.tsv.bz2	81a8c343458bb8fe472f1ff1f76b770da99604693b0b924a42cb1b2426fd30a9	pending-form-sha256-stage	source-copy	We could hear the groans of the injured man.	0
development	en	eng	22326	CK	CC-BY-2.0-FR	https://tatoeba.org/en/sentences/show/22326	human-contributed-unreviewed	0ba49c216bafa429418f044ec78a97cff6d5c1a9e88693c15a0ade92100aa5f7	Finding a solution that worked was a process of trial and error.	sw	swh	10804688	ecorralest101	CC-BY-2.0-FR	https://tatoeba.org/en/sentences/show/10804688	human-contributed-unreviewed	3430a2dc5fc57be8c93dca83f8a2640bfdacd99ce3cbb1c6d3a64281543a56da	Kupata suluhisho lililofanya kazi ilikuwa mchakato wa kubahatisha.	direct-translation-link-human-contributed-unreviewed	2026-07-18	https://downloads.tatoeba.org/exports/per_language/eng/eng-swh_links.tsv.bz2	81a8c343458bb8fe472f1ff1f76b770da99604693b0b924a42cb1b2426fd30a9	pending-form-sha256-stage	source-copy	Finding a solution that worked was a process of trial and error.	0
development	en	eng	22419	UrpleReen	CC-BY-2.0-FR	https://tatoeba.org/en/sentences/show/22419	human-contributed-unreviewed	28da8d302b793e6c8515ca4410f08b453814d4828906bac723ce7bf4ec3f95b1	His official title at the company is Assistant to the President.	sw	swh	10804691	ecorralest101	CC-BY-2.0-FR	https://tatoeba.org/en/sentences/show/10804691	human-contributed-unreviewed	d3cea22a0fb3c9cbdebd9d3a0ddc82e2cf89421ad54bc118974189facb1c0c78	Jina lake rasmi katika kampuni hiyo ni Msaidizi wa Rais.	direct-translation-link-human-contributed-unreviewed	2026-07-18	https://downloads.tatoeba.org/exports/per_language/eng/eng-swh_links.tsv.bz2	81a8c343458bb8fe472f1ff1f76b770da99604693b0b924a42cb1b2426fd30a9	pending-form-sha256-stage	source-copy	His official title at the company is Assistant to the President.	0
development	en	eng	22468	CK	CC-BY-2.0-FR	https://tatoeba.org/en/sentences/show/22468	human-contributed-unreviewed	dbeabe2e74ee6c929cb2632b5f2b0e1da69f4d3195dc22ada30213f7e57730e8	My stomach started growling right there in the meeting. It was embarrassing.	sw	swh	10804694	ecorralest101	CC-BY-2.0-FR	https://tatoeba.org/en/sentences/show/10804694	human-contributed-unreviewed	f6d08cef7c45be1732a82d1562b9c245ac6adf213e56ceb3140e8e040a1a1858	Tumbo langu lilianza kuguruma papo hapo kwenye mkutano. Ilikuwa aibu.	direct-translation-link-human-contributed-unreviewed	2026-07-18	https://downloads.tatoeba.org/exports/per_language/eng/eng-swh_links.tsv.bz2	81a8c343458bb8fe472f1ff1f76b770da99604693b0b924a42cb1b2426fd30a9	pending-form-sha256-stage	source-copy	My stomach started growling right there in the meeting. It was embarrassing.	0
heldout	en	eng	22505	arashmehrad	CC-BY-2.0-FR	https://tatoeba.org/en/sentences/show/22505	human-contributed-unreviewed	8c21db745f5a6435b6376a5fafceb529a1d17225c52d4a727b6163657ba46f46	Meetings are to be held on the afternoon of July 15 (Tuesday), all day July 16 (Wednesday), and the morning of July 17 (Thursday).	sw	swh	10804698	ecorralest101	CC-BY-2.0-FR	https://tatoeba.org/en/sentences/show/10804698	human-contributed-unreviewed	906ca6a23922123dbde2dee95f316b719a3d68bcea8fe49efda0265bd0211c90	Mikutano inapaswa kufanywa alasiri ya Julai 15 (Jumanne), siku nzima Julai 16 (Jumatano), na asubuhi ya Julai 17 (Alhamisi).	direct-translation-link-human-contributed-unreviewed	2026-07-18	https://downloads.tatoeba.org/exports/per_language/eng/eng-swh_links.tsv.bz2	81a8c343458bb8fe472f1ff1f76b770da99604693b0b924a42cb1b2426fd30a9	pending-form-sha256-stage	source-copy	Meetings are to be held on the afternoon of July 15 (Tuesday), all day July 16 (Wednesday), and the morning of July 17 (Thursday).	0
development	en	eng	22519	Dejo	CC-BY-2.0-FR	https://tatoeba.org/en/sentences/show/22519	human-contributed-unreviewed	9d69986e036921a4dafb0d4c2d7d099014ae723ad8748b656094a2564bccdd6c	It would help us if you would reserve the following hotel during our conference.	sw	swh	10804701	ecorralest101	CC-BY-2.0-FR	https://tatoeba.org/en/sentences/show/10804701	human-contributed-unreviewed	cb94d721c024e0c48a9e70b48394a359c50fc350813830d379ce64a3dbfc22d8	Ungetusaidia kama ungetuhifadhia hoteli ifuatayo wakati wa kongamano letu.	direct-translation-link-human-contributed-unreviewed	2026-07-18	https://downloads.tatoeba.org/exports/per_language/eng/eng-swh_links.tsv.bz2	81a8c343458bb8fe472f1ff1f76b770da99604693b0b924a42cb1b2426fd30a9	pending-form-sha256-stage	source-copy	It would help us if you would reserve the following hotel during our conference.	0
development	en	eng	22601	bekindtoall	CC-BY-2.0-FR	https://tatoeba.org/en/sentences/show/22601	human-contributed-unreviewed	fe29305cd201dfaf8145c02e303c0ca4bb89463af4d3114a95ed67e3a344e01c	The artist captured the charm of the lady.	sw	swh	10804705	ecorralest101	CC-BY-2.0-FR	https://tatoeba.org/en/sentences/show/10804705	human-contributed-unreviewed	48be1a22b336cc91bfdeb8a1ac2856ce2a5a6e9f15ad171429707c5b01d5820c	Msanii huyo aliteka nadhiri za huyo binti.	direct-translation-link-human-contributed-unreviewed	2026-07-18	https://downloads.tatoeba.org/exports/per_language/eng/eng-swh_links.tsv.bz2	81a8c343458bb8fe472f1ff1f76b770da99604693b0b924a42cb1b2426fd30a9	pending-form-sha256-stage	source-copy	The artist captured the charm of the lady.	0
development	en	eng	22607	Dejo	CC-BY-2.0-FR	https://tatoeba.org/en/sentences/show/22607	human-contributed-unreviewed	6fdcac433fea953bca89ea9da259204c745c2d5ff2dc2956169184015a239057	Our company has annual sales of a thousand million yen.	sw	swh	10804708	ecorralest101	CC-BY-2.0-FR	https://tatoeba.org/en/sentences/show/10804708	human-contributed-unreviewed	4483d894cf7b223ecbd9e328a7fbb1cf7ed1b72fe0c7de2c07a1761736d3bbc0	Kampuni yetu ina mauzo ya yen elfu milioni.	direct-translation-link-human-contributed-unreviewed	2026-07-18	https://downloads.tatoeba.org/exports/per_language/eng/eng-swh_links.tsv.bz2	81a8c343458bb8fe472f1ff1f76b770da99604693b0b924a42cb1b2426fd30a9	pending-form-sha256-stage	source-copy	Our company has annual sales of a thousand million yen.	0
development	en	eng	22763	Stalwartlover	CC-BY-2.0-FR	https://tatoeba.org/en/sentences/show/22763	human-contributed-unreviewed	b2e64243a860ba2c190c78ad2d64d39abb50f7ab91f26d9c96c4924bd3d724da	We are, in large measure, responsible for students' success in the entrance exam.	sw	swh	10804715	ecorralest101	CC-BY-2.0-FR	https://tatoeba.org/en/sentences/show/10804715	human-contributed-unreviewed	4dd4138413ec6eaa624c0c0c1efa6a65acb04b2133e205176b656d4982463a2a	Tunawajibika kwa kiwango kikubwa ufanisi wa wanafanzi katika mtihani wa kuingia.	direct-translation-link-human-contributed-unreviewed	2026-07-18	https://downloads.tatoeba.org/exports/per_language/eng/eng-swh_links.tsv.bz2	81a8c343458bb8fe472f1ff1f76b770da99604693b0b924a42cb1b2426fd30a9	pending-form-sha256-stage	source-copy	We are, in large measure, responsible for students' success in the entrance exam.	0
development	en	eng	22784	CK	CC-BY-2.0-FR	https://tatoeba.org/en/sentences/show/22784	human-contributed-unreviewed	f985971c4ddce977045182629858b1fdea500a00521faac9cff912574289168d	We are entitled to vote at the age of twenty.	sw	swh	10804719	ecorralest101	CC-BY-2.0-FR	https://tatoeba.org/en/sentences/show/10804719	human-contributed-unreviewed	638bac0cdee4d80ec0b885a14ca44363811f14b8006c8b436deaa7daee3841af	Tunastahili kupiga kura katika umri wa miaka ishirini.	direct-translation-link-human-contributed-unreviewed	2026-07-18	https://downloads.tatoeba.org/exports/per_language/eng/eng-swh_links.tsv.bz2	81a8c343458bb8fe472f1ff1f76b770da99604693b0b924a42cb1b2426fd30a9	pending-form-sha256-stage	source-copy	We are entitled to vote at the age of twenty.	0
development	en	eng	22856	GiggyMantis	CC-BY-2.0-FR	https://tatoeba.org/en/sentences/show/22856	human-contributed-unreviewed	57c5a44c73980037bb6b0028a19bf4b43246faf51cf427120064ea95a09c1d96	We sang songs in chorus.	sw	swh	10804722	ecorralest101	CC-BY-2.0-FR	https://tatoeba.org/en/sentences/show/10804722	human-contributed-unreviewed	ddf133accf30fff5a91edf76617aab02ca008ff2cc1f18ffa79884592161b084	Tuliimba nyimbo kwa kwaya.	direct-translation-link-human-contributed-unreviewed	2026-07-18	https://downloads.tatoeba.org/exports/per_language/eng/eng-swh_links.tsv.bz2	81a8c343458bb8fe472f1ff1f76b770da99604693b0b924a42cb1b2426fd30a9	pending-form-sha256-stage	source-copy	We sang songs in chorus.	0
development	en	eng	22964	CK	CC-BY-2.0-FR	https://tatoeba.org/en/sentences/show/22964	human-contributed-unreviewed	39a92b4c85b6b2d51834ca5b0c52b10f33ac2efc4678eb258f1f9057c2d29816	We did our best only to fail.	sw	swh	10804725	ecorralest101	CC-BY-2.0-FR	https://tatoeba.org/en/sentences/show/10804725	human-contributed-unreviewed	dbe63aed6029caf1e2957891c912d198c20aed2eb132e343a61611e2faf4ef7e	Tulifanya bidii yetu tu kutofaulu.	direct-translation-link-human-contributed-unreviewed	2026-07-18	https://downloads.tatoeba.org/exports/per_language/eng/eng-swh_links.tsv.bz2	81a8c343458bb8fe472f1ff1f76b770da99604693b0b924a42cb1b2426fd30a9	pending-form-sha256-stage	source-copy	We did our best only to fail.	0
development	en	eng	23043	Swift	CC-BY-2.0-FR	https://tatoeba.org/en/sentences/show/23043	human-contributed-unreviewed	ddf94b2cf1cb421f75eb2bd092a8217d57bf0def28f3fba0eea88a6eec6259ec	We have to bring our teaching methods up to date.	sw	swh	10804730	ecorralest101	CC-BY-2.0-FR	https://tatoeba.org/en/sentences/show/10804730	human-contributed-unreviewed	51f9ab1e948a85a68428b19a35d8965b43705610fc1029e30134397eb3f0608d	Lazima tuboreshe mbinu zetu za kufundisha.	direct-translation-link-human-contributed-unreviewed	2026-07-18	https://downloads.tatoeba.org/exports/per_language/eng/eng-swh_links.tsv.bz2	81a8c343458bb8fe472f1ff1f76b770da99604693b0b924a42cb1b2426fd30a9	pending-form-sha256-stage	source-copy	We have to bring our teaching methods up to date.	0
development	en	eng	23058	Swift	CC-BY-2.0-FR	https://tatoeba.org/en/sentences/show/23058	human-contributed-unreviewed	b2c3ed0711447cb1f663f99286ce6a56b253da9a7f5eb60a9c429fce4d8a7df1	We're booked for the whole month on Broadway.	sw	swh	10804733	ecorralest101	CC-BY-2.0-FR	https://tatoeba.org/en/sentences/show/10804733	human-contributed-unreviewed	e34c99a9b5213af17b9f68b31890598b8fefc9125ad008dc07ed434bebff3bb8	Nafasi zote zimehifadhiwa kwa mwezi mzima Broadway.	direct-translation-link-human-contributed-unreviewed	2026-07-18	https://downloads.tatoeba.org/exports/per_language/eng/eng-swh_links.tsv.bz2	81a8c343458bb8fe472f1ff1f76b770da99604693b0b924a42cb1b2426fd30a9	pending-form-sha256-stage	source-copy	We're booked for the whole month on Broadway.	0
development	en	eng	23111	CK	CC-BY-2.0-FR	https://tatoeba.org/en/sentences/show/23111	human-contributed-unreviewed	630a79f21bc0d3416839c915aa9e3e3798566ff3041805d88234a73f2b299491	We are familiar with the legend of Robin Hood.	sw	swh	10804737	ecorralest101	CC-BY-2.0-FR	https://tatoeba.org/en/sentences/show/10804737	human-contributed-unreviewed	91cd30c49312e302198a7e8e5f01ba4b5418f2e38addac4e99ae7b546e0a913f	Tunajua hadithi ya Robin Hood.	direct-translation-link-human-contributed-unreviewed	2026-07-18	https://downloads.tatoeba.org/exports/per_language/eng/eng-swh_links.tsv.bz2	81a8c343458bb8fe472f1ff1f76b770da99604693b0b924a42cb1b2426fd30a9	pending-form-sha256-stage	source-copy	We are familiar with the legend of Robin Hood.	0
development	en	eng	23233	Swift	CC-BY-2.0-FR	https://tatoeba.org/en/sentences/show/23233	human-contributed-unreviewed	84546e8512f5bb7c7f1e8d71b5a0e41a3cc7f66a745f40116fc327f1805fb8d9	We were granted the privilege of fishing in this bay.	sw	swh	10804741	ecorralest101	CC-BY-2.0-FR	https://tatoeba.org/en/sentences/show/10804741	human-contributed-unreviewed	33fa23cfdf22df8cfde159cb01ac06513690ae7621ca0b3fbae63869857b82bb	Tulipewa pendeleo la uvuvi katika ziwa hili.	direct-translation-link-human-contributed-unreviewed	2026-07-18	https://downloads.tatoeba.org/exports/per_language/eng/eng-swh_links.tsv.bz2	81a8c343458bb8fe472f1ff1f76b770da99604693b0b924a42cb1b2426fd30a9	pending-form-sha256-stage	source-copy	We were granted the privilege of fishing in this bay.	0
development	en	eng	23344	AlanF_US	CC-BY-2.0-FR	https://tatoeba.org/en/sentences/show/23344	human-contributed-unreviewed	1c45f660e2234ac1c8fd95f982849449f06bc2f02b325bafe0c251c489359d25	Our total debts amount to ten thousand dollars.	sw	swh	10804745	ecorralest101	CC-BY-2.0-FR	https://tatoeba.org/en/sentences/show/10804745	human-contributed-unreviewed	5b90b85240a69c08f14cf02fe352de7d89c1c7c16b0bff04c087d64329dbf6dd	Jumla ya deni letu ni dola elfu kumi.	direct-translation-link-human-contributed-unreviewed	2026-07-18	https://downloads.tatoeba.org/exports/per_language/eng/eng-swh_links.tsv.bz2	81a8c343458bb8fe472f1ff1f76b770da99604693b0b924a42cb1b2426fd30a9	pending-form-sha256-stage	source-copy	Our total debts amount to ten thousand dollars.	0
development	en	eng	23432	CK	CC-BY-2.0-FR	https://tatoeba.org/en/sentences/show/23432	human-contributed-unreviewed	88f912f73f018c12c903f74dac534780dc28f9f582b2278ea06610ef5eba3074	Our ultimate goal is to establish world peace.	sw	swh	10804750	ecorralest101	CC-BY-2.0-FR	https://tatoeba.org/en/sentences/show/10804750	human-contributed-unreviewed	cb5f0b9981d3b94f2cceaa7d7bb2b0683861c9bf3d22b991e45219beb176cc3f	Kusudi letu la mwisho ni kuanzisha amani ulimwenguni.	direct-translation-link-human-contributed-unreviewed	2026-07-18	https://downloads.tatoeba.org/exports/per_language/eng/eng-swh_links.tsv.bz2	81a8c343458bb8fe472f1ff1f76b770da99604693b0b924a42cb1b2426fd30a9	pending-form-sha256-stage	source-copy	Our ultimate goal is to establish world peace.	0
development	en	eng	23546	auxitt	CC-BY-2.0-FR	https://tatoeba.org/en/sentences/show/23546	human-contributed-unreviewed	2d451046f5f716397268a2b543f0606eda32a10a2472e32b5fc16bf5fe778b23	This new product of ours is a serious blow to our rival company.	sw	swh	10804754	ecorralest101	CC-BY-2.0-FR	https://tatoeba.org/en/sentences/show/10804754	human-contributed-unreviewed	5df9218d245590e8fe3392b8316b183e3be18358c2e5d84e06d6722f43fdb20e	Bidhaa hii mpya yetu ni pigo kubwa kwa kampuni yetu pinzani.	direct-translation-link-human-contributed-unreviewed	2026-07-18	https://downloads.tatoeba.org/exports/per_language/eng/eng-swh_links.tsv.bz2	81a8c343458bb8fe472f1ff1f76b770da99604693b0b924a42cb1b2426fd30a9	pending-form-sha256-stage	source-copy	This new product of ours is a serious blow to our rival company.	0
development	en	eng	23689	CC	CC-BY-2.0-FR	https://tatoeba.org/en/sentences/show/23689	human-contributed-unreviewed	2d3cac182d396806d9cbe2dbe4d252f04c0acfde2f2a579620d03901e5c04207	In case the shipment is delayed, we have special delay insurance.	sw	swh	10804758	ecorralest101	CC-BY-2.0-FR	https://tatoeba.org/en/sentences/show/10804758	human-contributed-unreviewed	b3abc5d9529691f99fdfeb969edea9bc73d7b97f1606a4fa1297649706b20e89	Ikiwa usafirishaji umechelewa, tuna bima maalumu ya kucheleweshwa.	direct-translation-link-human-contributed-unreviewed	2026-07-18	https://downloads.tatoeba.org/exports/per_language/eng/eng-swh_links.tsv.bz2	81a8c343458bb8fe472f1ff1f76b770da99604693b0b924a42cb1b2426fd30a9	pending-form-sha256-stage	source-copy	In case the shipment is delayed, we have special delay insurance.	0
development	en	eng	23781	CK	CC-BY-2.0-FR	https://tatoeba.org/en/sentences/show/23781	human-contributed-unreviewed	69a0bf9c34d025d24912a2c806fbf168d754a4193ba3986ea27606b8834db72a	The plan announced Tuesday calls for $54 billion in tax cuts.	sw	swh	10804761	ecorralest101	CC-BY-2.0-FR	https://tatoeba.org/en/sentences/show/10804761	human-contributed-unreviewed	b1c7b475582e267fa13c195e0b7219aa85597c1c111e3a9be800b784ebb3ce4c	Mpango uliotangazwa Jumanne inatoa wito wa dola bilioni 54 kwa kupunguzwa kwa ushuru.	direct-translation-link-human-contributed-unreviewed	2026-07-18	https://downloads.tatoeba.org/exports/per_language/eng/eng-swh_links.tsv.bz2	81a8c343458bb8fe472f1ff1f76b770da99604693b0b924a42cb1b2426fd30a9	pending-form-sha256-stage	source-copy	The plan announced Tuesday calls for $54 billion in tax cuts.	0
development	en	eng	23932	CK	CC-BY-2.0-FR	https://tatoeba.org/en/sentences/show/23932	human-contributed-unreviewed	ef01f4066352e80a321f3a640f413e229a1ea1de2b47ba0f2e50886e80dd6248	Would you like some fruit?	sw	swh	10804764	ecorralest101	CC-BY-2.0-FR	https://tatoeba.org/en/sentences/show/10804764	human-contributed-unreviewed	07b4f3a71bf5a3a7efa2db2c12a41d7a140cfce8368c9a9527400290b936560c	Ungependa matunda?	direct-translation-link-human-contributed-unreviewed	2026-07-18	https://downloads.tatoeba.org/exports/per_language/eng/eng-swh_links.tsv.bz2	81a8c343458bb8fe472f1ff1f76b770da99604693b0b924a42cb1b2426fd30a9	pending-form-sha256-stage	source-copy	Would you like some fruit?	0
heldout	en	eng	23990	auxitt	CC-BY-2.0-FR	https://tatoeba.org/en/sentences/show/23990	human-contributed-unreviewed	c9e2689433f6cef0b964499f3244e5243f6644f5f7f26069a20aa1d78001da36	Technology has failed to ease the conflict between man and nature.	sw	swh	10804767	ecorralest101	CC-BY-2.0-FR	https://tatoeba.org/en/sentences/show/10804767	human-contributed-unreviewed	421c0c1250ca7d998494f4783967dc3700d72f7601cd1d03cb704e150d05ec17	Teknolojia imeshindwa kupunguza mzozo kati ya mwanadamu na maumbile.	direct-translation-link-human-contributed-unreviewed	2026-07-18	https://downloads.tatoeba.org/exports/per_language/eng/eng-swh_links.tsv.bz2	81a8c343458bb8fe472f1ff1f76b770da99604693b0b924a42cb1b2426fd30a9	pending-form-sha256-stage	source-copy	Technology has failed to ease the conflict between man and nature.	0
development	en	eng	24002	Dejo	CC-BY-2.0-FR	https://tatoeba.org/en/sentences/show/24002	human-contributed-unreviewed	474eeb551ae7d07a85fe9dac66d5d6ff6d92d5b6c8f0da3975c37c3ec4f5ef64	Science is based on careful observation.	sw	swh	10804770	ecorralest101	CC-BY-2.0-FR	https://tatoeba.org/en/sentences/show/10804770	human-contributed-unreviewed	9878cc8b1ff79a36e3c8b36b46fbbf634a5114dfb225111480e1f0e83788c78e	Sayansi inategemea uchunguzi wa makini.	direct-translation-link-human-contributed-unreviewed	2026-07-18	https://downloads.tatoeba.org/exports/per_language/eng/eng-swh_links.tsv.bz2	81a8c343458bb8fe472f1ff1f76b770da99604693b0b924a42cb1b2426fd30a9	pending-form-sha256-stage	source-copy	Science is based on careful observation.	0
development	en	eng	24224	magnificentgoddess	CC-BY-2.0-FR	https://tatoeba.org/en/sentences/show/24224	human-contributed-unreviewed	8086f603b8c912d77412e31b3a1692d3e1ec547fd01a9a0dae142de8c113cc00	We're goin' home.	sw	swh	10804777	ecorralest101	CC-BY-2.0-FR	https://tatoeba.org/en/sentences/show/10804777	human-contributed-unreviewed	4710a544ef0623dde2795f747944ddbd4846ef49d6bc5241dbde1da24330bd53	Tunaenda nyumbani.	direct-translation-link-human-contributed-unreviewed	2026-07-18	https://downloads.tatoeba.org/exports/per_language/eng/eng-swh_links.tsv.bz2	81a8c343458bb8fe472f1ff1f76b770da99604693b0b924a42cb1b2426fd30a9	pending-form-sha256-stage	source-copy	We're goin' home.	0
heldout	en	eng	24320	AMIKEMA	CC-BY-2.0-FR	https://tatoeba.org/en/sentences/show/24320	human-contributed-unreviewed	3172108d8471583e316abcee2832afa821107b058b3d29949c5a0b441ee68eca	I delighted in going to his farm during the summer vacation.	sw	swh	10804780	ecorralest101	CC-BY-2.0-FR	https://tatoeba.org/en/sentences/show/10804780	human-contributed-unreviewed	81dbe3c2ba06e36c435c7c44e7fd5fc15fa65cfecd257636dfc745708e1347c0	Nilifurahi kwenda shambani mwake wakati wa likizo ya kiangazi.	direct-translation-link-human-contributed-unreviewed	2026-07-18	https://downloads.tatoeba.org/exports/per_language/eng/eng-swh_links.tsv.bz2	81a8c343458bb8fe472f1ff1f76b770da99604693b0b924a42cb1b2426fd30a9	pending-form-sha256-stage	source-copy	I delighted in going to his farm during the summer vacation.	0
development	en	eng	24347	nana2capriccio	CC-BY-2.0-FR	https://tatoeba.org/en/sentences/show/24347	human-contributed-unreviewed	e4b6d5b22d3adfb681496da0000a9942b3a7df2c0684361e1b8339f5cf0858a4	In summer, eggs go bad quickly.	sw	swh	10804783	ecorralest101	CC-BY-2.0-FR	https://tatoeba.org/en/sentences/show/10804783	human-contributed-unreviewed	6de20fca4cf95ec8e1b93daacafa369b21a0575c0d6041b222eb62c5aebbabd8	Wakati wa kiangazi mayai huharibika haraka.	direct-translation-link-human-contributed-unreviewed	2026-07-18	https://downloads.tatoeba.org/exports/per_language/eng/eng-swh_links.tsv.bz2	81a8c343458bb8fe472f1ff1f76b770da99604693b0b924a42cb1b2426fd30a9	pending-form-sha256-stage	source-copy	In summer, eggs go bad quickly.	0
development	en	eng	24761	CK	CC-BY-2.0-FR	https://tatoeba.org/en/sentences/show/24761	human-contributed-unreviewed	5df6d9ea5c8ef84bd0d95952e295aa2f3818c8221919e1acad0c8cecaec7521c	May I help you ma'am?	sw	swh	10804787	ecorralest101	CC-BY-2.0-FR	https://tatoeba.org/en/sentences/show/10804787	human-contributed-unreviewed	1c16bd7678c2643fb8b388e04d12d3eb410ebc0197e280eaca2137fa3972dec6	Naweza kukusaidia ma'am?	direct-translation-link-human-contributed-unreviewed	2026-07-18	https://downloads.tatoeba.org/exports/per_language/eng/eng-swh_links.tsv.bz2	81a8c343458bb8fe472f1ff1f76b770da99604693b0b924a42cb1b2426fd30a9	pending-form-sha256-stage	source-copy	May I help you ma'am?	0
development	en	eng	25001	papabear	CC-BY-2.0-FR	https://tatoeba.org/en/sentences/show/25001	human-contributed-unreviewed	36c082665489bafbcc63899238585f34e077247d5e46a9185f062fde06218c3d	Because the store is so small, he has to wear many different hats, from accountant to stock boy.	sw	swh	10804796	ecorralest101	CC-BY-2.0-FR	https://tatoeba.org/en/sentences/show/10804796	human-contributed-unreviewed	180a75eccbbccfa5827013b14fd21eecf9448dfcc7a1d7da246645f117bee633	Kwa sababu duka ni ndogo sana, lazima afanye kazi nyingi tofauti, kutoka kwa mhasibu hadi kijana wa kukagua bidhaa.	direct-translation-link-human-contributed-unreviewed	2026-07-18	https://downloads.tatoeba.org/exports/per_language/eng/eng-swh_links.tsv.bz2	81a8c343458bb8fe472f1ff1f76b770da99604693b0b924a42cb1b2426fd30a9	pending-form-sha256-stage	source-copy	Because the store is so small, he has to wear many different hats, from accountant to stock boy.	0
development	en	eng	25084	CM	CC-BY-2.0-FR	https://tatoeba.org/en/sentences/show/25084	human-contributed-unreviewed	6bf98b1a69034d7a8f37deb680a3a6f48c0d3a6f51198291c52664abd8348ba2	I want something with which to write.	sw	swh	10804800	ecorralest101	CC-BY-2.0-FR	https://tatoeba.org/en/sentences/show/10804800	human-contributed-unreviewed	036a5184f63b885cef45369658d5dbf23eed041b79bca5d4b20164493eb34cc6	Nataka kitu cha kuandikia.	direct-translation-link-human-contributed-unreviewed	2026-07-18	https://downloads.tatoeba.org/exports/per_language/eng/eng-swh_links.tsv.bz2	81a8c343458bb8fe472f1ff1f76b770da99604693b0b924a42cb1b2426fd30a9	pending-form-sha256-stage	source-copy	I want something with which to write.	0
development	en	eng	2168	CK	CC-BY-2.0-FR	https://tatoeba.org/en/sentences/show/2168	human-contributed-unreviewed	1bd282a67f67597b253fa4859f380a31ac27b024e41ab70ca2e33299e0f45a7d	Where are you?	sw	swh	13838768	ecorralest101	CC-BY-2.0-FR	https://tatoeba.org/en/sentences/show/13838768	human-contributed-unreviewed	c625c6c9cac04a429643e8d587d2bafc8fe5fb77c00d715a09fc65b1551dc4ee	Uko wapi?	direct-translation-link-human-contributed-unreviewed	2026-07-18	https://downloads.tatoeba.org/exports/per_language/eng/eng-swh_links.tsv.bz2	81a8c343458bb8fe472f1ff1f76b770da99604693b0b924a42cb1b2426fd30a9	pending-form-sha256-stage	source-copy	Where are you?	0
