locale	tatoeba_lang	sentence_id	author	added_utc	modified_utc	license	sentence_url	role	domain	expected_concept_id	matched_surface	detected_concept_count	detected_concept_ids	review_state	source_row_sha256	sentence
en	eng	1338	AlanF_US	\N	2013-11-25 03:50:10	CC-BY-2.0-FR	https://tatoeba.org/en/sentences/show/1338	domain	money	185	money	13	0,3,4,11,28,29,40,47,185,189,819,919,2584	human-contributed-unreviewed	13e4031d22ca37cc966aa41f73764cb8870d62a150bd735f7506eaddfaf757d8	America is a lovely place to be, if you are here to earn money.
en	eng	1360	Zifre	\N	2013-07-10 09:21:20	CC-BY-2.0-FR	https://tatoeba.org/en/sentences/show/1360	domain	school	327	school	14	1,4,12,51,52,64,82,213,263,327,498,1130,3034,5472	human-contributed-unreviewed	56a2f4b5c7fe88e434771591667636a583bb64008daa91c8566b22a9f7b6fe40	Back in high school, I got up at 6 a.m. every morning.
en	eng	1466	Zifre	\N	2011-01-23 02:37:55	CC-BY-2.0-FR	https://tatoeba.org/en/sentences/show/1466	domain	food	532	food	8	0,12,23,60,144,532,848,5126	human-contributed-unreviewed	b0deab20451c0467a09f3b7a50619c5a190ead9a51182181f46a77489aa1d155	How do you find food in outer space?
en	eng	1496	Zifre	\N	2011-01-23 01:19:23	CC-BY-2.0-FR	https://tatoeba.org/en/sentences/show/1496	domain	work	150	work	15	0,3,6,15,27,72,78,79,85,89,109,134,150,582,694	human-contributed-unreviewed	23bd82d5d95dc49673234864c5f2b279487ee6cd21a98da2ee6aaf0f6ba84518	It would take me too much time to explain to you why it's not going to work.
en	eng	1682	AlanF_US	\N	2013-11-25 23:57:22	CC-BY-2.0-FR	https://tatoeba.org/en/sentences/show/1682	domain	family	270	family	13	1,3,6,19,34,37,93,108,172,181,253,270,311	human-contributed-unreviewed	5012b08f29c3434d00b3e0422974734a55aefdd9ea3d82162dccfda1ec782e37	It has been so long since I last went to Disneyland with my family.
en	eng	1850	Swift	\N	2010-08-25 13:02:37	CC-BY-2.0-FR	https://tatoeba.org/en/sentences/show/1850	domain	hospital	628	hospital	9	1,2,52,64,105,628,1130,3126,3655	human-contributed-unreviewed	4e6609e7d67e68ff2ee8b430ea806321949309618db8c6c5490d92502437d709	I'm at the hospital. I got struck by lightning.
en	eng	1863	Zifre	\N	2011-01-23 02:41:26	CC-BY-2.0-FR	https://tatoeba.org/en/sentences/show/1863	domain	rain	1357	rain	14	1,2,3,6,20,24,35,78,90,231,464,1357,1377,1525	human-contributed-unreviewed	66914b6c85f547b02ee78943eb1c8e6583435e7e8400a915dc35fcf3c0ff17b9	I was planning on going to the beach today, but then it started to rain.
en	eng	1989	AlanF_US	\N	2014-02-06 23:33:55	CC-BY-2.0-FR	https://tatoeba.org/en/sentences/show/1989	domain	doctor	370	doctor	14	2,6,17,18,24,73,91,370,521,539,582,1125,3962,8432	human-contributed-unreviewed	a1ec6d34410adfaab3a8aa45d277d5c066cb174327ac9912f4f1d68023972e0c	From the doctor's grim expression, it was clear he had somber news for the patient.
en	eng	1990	AlanF_US	\N	2014-02-06 23:33:50	CC-BY-2.0-FR	https://tatoeba.org/en/sentences/show/1990	domain	water	377	water	15	1,3,10,18,19,21,30,37,39,179,377,409,768,2633,6584	human-contributed-unreviewed	f956a5588c47247f88c265a772efe8c7bf1996654d7e6bc242cf3ee86712a125	I always have to check my yard for stagnant pools of water so mosquitoes don't breed there.
en	eng	16433	CK	\N	2010-06-16 02:06:14	CC-BY-2.0-FR	https://tatoeba.org/en/sentences/show/16433	domain	bus	1102	bus	6	0,46,105,173,857,1102	human-contributed-unreviewed	082aa2cc7be22cd1cbfce87275ab457e7081a47bdde2d4104f18a59bf3949af7	You'd better go by bus.
en	eng	34066	AlanF_US	\N	2013-08-10 03:30:55	CC-BY-2.0-FR	https://tatoeba.org/en/sentences/show/34066	negative	none	-1		0		human-contributed-unreviewed	b7d5c7e9419b62f7c9e9fa650d325f729bcf5c85548757594618b1be44af3143	Freud originated psychoanalysis.
id	ind	331310	umarsaid	2009-02-05 09:48:37	2009-02-05 09:48:37	CC-BY-2.0-FR	https://tatoeba.org/en/sentences/show/331310	ambiguity	collision	225	ibu	10	225,1126,3803,3942,4470,4643,6600,7423,8052,9613	human-contributed-unreviewed	61e08e7be94bac1615faf9d09d0b3217864a0cf4c8472df73362c3315888cf31	Ibu sedang masak di dapur.
id	ind	331367	umarsaid	2009-02-07 05:49:09	2009-02-07 05:49:09	CC-BY-2.0-FR	https://tatoeba.org/en/sentences/show/331367	negative	none	-1		0		human-contributed-unreviewed	6e2b3ba9e86fa74021efbe4612566a8966e308fd47be88cbaf198c84881dc511	Rumahku dirancang agar tahan gempa.
id	ind	331422	umarsaid	2009-02-07 07:10:43	2009-02-07 07:10:43	CC-BY-2.0-FR	https://tatoeba.org/en/sentences/show/331422	domain	school	327	sekolah	18	39,271,327,430,803,1076,1683,2201,2343,2411,2636,3628,3638,4470,4643,4846,6383,9298	human-contributed-unreviewed	a04db3a54115679733fd01620741ce89dae2b8b8b1c1080272dae27763215184	Di dekat rumahku ada sekolah.
id	ind	365975	hayabusa_future	2010-02-18 15:07:33	2010-02-18 15:07:42	CC-BY-2.0-FR	https://tatoeba.org/en/sentences/show/365975	domain	water	377	air	1	377	human-contributed-unreviewed	9a3c89a7925837d7dbd5b3c6fed704d29d98e4de6e53e5f6e6d463291746d967	Kameraku tahan air.
id	ind	365976	hayabusa_future	2010-02-18 15:08:12	2010-02-18 15:08:12	CC-BY-2.0-FR	https://tatoeba.org/en/sentences/show/365976	domain	bus	1102	bus	9	62,444,1102,2049,3338,6916,7397,8766,9130	human-contributed-unreviewed	f97aa868c0e97e4814a659f6b0405e1c06cde4fce64ce3965d54aa1b15793ac2	Sudah berapa lama menunggu bus?
id	ind	366406	hayabusa_future	2010-02-19 13:43:47	2010-02-19 13:43:47	CC-BY-2.0-FR	https://tatoeba.org/en/sentences/show/366406	domain	food	532	makanan	24	7,11,24,28,88,93,145,197,532,579,719,882,1006,1356,1681,3962,4198,4487,5320,5956,6708,7533,7761,9564	human-contributed-unreviewed	f78e0d2b895a2ea9a590fb7b52e3933af089c4ecd8aae7d2a1985769e34a846c	Gaya hidup dan keseimbangan makanan yang teratur adalah kunci bagi hidup sehat.
id	ind	366415	hayabusa_future	2010-02-19 13:48:16	2010-07-10 18:04:50	CC-BY-2.0-FR	https://tatoeba.org/en/sentences/show/366415	domain	rain	1357	hujan	47	7,9,14,16,46,58,70,76,78,90,104,110,138,147,148,173,184,187,231,253,277,313,505,562,1357,1547,1681,1785,1813,1877,3885,4449,5008,5647,6075,6158,6211,6443,6674,6968,8170,8856,8949,9319,9414,9457,9556	human-contributed-unreviewed	78c4395c9ebc405c1c8d0c2a44ece34c83ff70e884d1116055d80a22022de132	Hari ini berawan dan kemungkinan hujan, jadi kita lebih baik tidak pergi berselancar.
id	ind	863489	windra	2011-04-28 14:45:29	2011-04-28 14:45:29	CC-BY-2.0-FR	https://tatoeba.org/en/sentences/show/863489	domain	work	150	kerja	5	150,528,657,1481,6746	human-contributed-unreviewed	62be7bbf64d49f4c4b2d0d29692cac1a1828c6e6a3d07a5a9a314b3ccdabde6d	Pemberi kerja kadang-kadang memanfaatkan pekerjanya.
id	ind	902822	futureboy	2011-05-22 07:39:14	2011-11-13 07:59:27	CC-BY-2.0-FR	https://tatoeba.org/en/sentences/show/902822	domain	doctor	370	dokter	9	45,53,59,370,1539,1906,3960,6298,7164	human-contributed-unreviewed	3e3453426ceda14f64d8534d0a4e24e55145d8fbcb4748dc49476576a351f9e4	Dia seorang dokter.
id	ind	5018320	Bilmanda	2016-03-28 14:24:46	2016-03-28 14:24:46	CC-BY-2.0-FR	https://tatoeba.org/en/sentences/show/5018320	domain	money	185	duit	4	185,2481,4035,4166	human-contributed-unreviewed	635b1512f1392761e98edd9181983df55218a18ed5e9ccb6328dcb7eaeb6d300	Buang-buang duit aja!
es	spa	2481	Shishir	\N	2010-08-08 23:28:48	CC-BY-2.0-FR	https://tatoeba.org/en/sentences/show/2481	ambiguity	collision	99	algo	4	99,107,1728,3234	human-contributed-unreviewed	5f2d42e9ca42cea8cfb26394c98a2bd9776cd8cfce3c0d67050711aebd47c313	¡Intentemos algo!
es	spa	2531	Zifre	\N	2010-12-12 00:31:31	CC-BY-2.0-FR	https://tatoeba.org/en/sentences/show/2531	negative	none	-1		0		human-contributed-unreviewed	0136d1d7de5ba1897e49550d5e5faeb80072b7147fdab50f7515ae56d7689519	¡¡Él está pateándome!!
es	spa	2544	Zifre	\N	2011-03-09 20:09:20	CC-BY-2.0-FR	https://tatoeba.org/en/sentences/show/2544	domain	money	185	dinero	21	18,29,40,47,56,185,400,606,819,915,994,1113,1145,1193,2358,2994,3161,4685,6048,9526,9858	human-contributed-unreviewed	fd86dc01ef91e36a6efdb018035e33a1583edb67b99617f99004f8db3a6dd9b7	América es un lugar encantador para vivir, si estás aquí para ganar dinero.
es	spa	2797	Fanki	\N	2011-01-26 07:40:11	CC-BY-2.0-FR	https://tatoeba.org/en/sentences/show/2797	domain	school	327	escuela	13	3,46,141,253,277,327,619,997,1547,3804,4480,6472,9923	human-contributed-unreviewed	5c08cda9d7041a2efca6dd3df416917326361eca9584b0d1b117a4d511611744	Puedo ir caminando a la escuela en 10 minutos.
es	spa	2855	Shishir	\N	2010-12-18 15:24:40	CC-BY-2.0-FR	https://tatoeba.org/en/sentences/show/2855	domain	family	270	familia	17	3,13,19,34,79,165,270,311,595,1772,3913,4861,5677,5692,6472,6972,9923	human-contributed-unreviewed	f1ec3fefe05de100099cea6f6e8bbaf671fd1eb5444f5d57a95013696dd7c440	Ha pasado tanto tiempo desde la última vez que fui a Disneyland con mi familia.
es	spa	2903	sarostegui	\N	2011-04-25 22:01:43	CC-BY-2.0-FR	https://tatoeba.org/en/sentences/show/2903	domain	work	150	trabajo	10	13,110,150,165,278,470,479,574,4861,5692	human-contributed-unreviewed	d0ca939ccb8dff2e4032bff9d9541053c828721370f2c1acfc7a5617926c9ee5	Tengo tanto trabajo que me quedo una hora más.
es	spa	3000	Shishir	\N	2010-12-31 19:54:49	CC-BY-2.0-FR	https://tatoeba.org/en/sentences/show/3000	domain	food	532	alimento	21	2,3,10,53,56,73,400,532,634,994,1472,1856,2358,2376,2698,2982,3063,3782,6472,9526,9923	human-contributed-unreviewed	f042c1e1c31a02f0b924f5dfae5292a8356f35c2bf1e962e71666cc4d2502a10	El queso es un alimento sólido elaborado a partir de la leche de vaca, cabra, oveja u otros mamíferos.
es	spa	329894	tatoerique	2008-08-21 19:51:03	\N	CC-BY-2.0-FR	https://tatoeba.org/en/sentences/show/329894	domain	hospital	628	hospital	15	2,53,75,141,148,151,157,225,628,2982,3804,4480,5207,7158,9876	human-contributed-unreviewed	f3bb3d5b1b08c3f70585e94ea467e5dc1788ef4eadab3f4c4091d9d303b3ac6e	El otro día su madre falleció en el hospital.
es	spa	329965	tatoerique	2008-08-21 22:30:13	\N	CC-BY-2.0-FR	https://tatoeba.org/en/sentences/show/329965	domain	doctor	370	médico	19	3,56,105,370,508,1090,1345,1539,1573,1980,2046,2582,2932,6472,6602,7164,8347,9404,9923	human-contributed-unreviewed	8d13475a7d2382ca1ecabf759ce4cb0c64d01e6a6306b3188e0f0bda2ed2da7c	Vaya a buscar un médico inmediatamente, por favor.
es	spa	329975	tatoerique	2008-08-21 22:31:48	\N	CC-BY-2.0-FR	https://tatoeba.org/en/sentences/show/329975	domain	rain	1357	lluvia	23	2,3,10,13,53,73,165,400,432,483,597,994,1357,2358,2982,4420,4861,5339,5692,6472,7236,9526,9923	human-contributed-unreviewed	0b507eef8b33cd19e7f3e250193ab267ae17cfd2aa46fdf7691c275a14c14aa1	Es posible que el partido de fútbol se suspenda a causa de la lluvia.
es	spa	330050	tatoerique	2008-08-22 14:20:53	\N	CC-BY-2.0-FR	https://tatoeba.org/en/sentences/show/330050	domain	water	377	agua	15	2,13,53,141,165,377,1117,1425,1855,2982,3804,4480,4861,5692,9186	human-contributed-unreviewed	b487b5e7edd1a9933b88444e834bf5f358e715c1c032f472332aeec5f1baa750	Él se metió en el agua antes que yo.
es	spa	330075	tatoerique	2008-08-22 22:30:00	\N	CC-BY-2.0-FR	https://tatoeba.org/en/sentences/show/330075	domain	bus	1102	autobús	8	2,53,105,1102,2046,2982,5578,9404	human-contributed-unreviewed	3912fb15b6a27eb559eb344f3c165346b91c94b696ad72ceaaae72249d732206	Por fin el autobús hizo una parada.
fr	fra	1115	TRANG	2007-10-06 17:26:59	2009-06-22 07:59:15	CC-BY-2.0-FR	https://tatoeba.org/en/sentences/show/1115	ambiguity	collision	418	demandé	15	418,518,568,618,968,981,1195,1348,3347,4502,4849,6417,6527,6981,8004	human-contributed-unreviewed	48cda6f323e1071a7f4f427d8229fdf2847e1da61dde89999199e409cba635e5	Lorsqu'il a demandé qui avait cassé la fenêtre, tous les garçons ont pris un air innocent.
fr	fra	3091	ANH_DAO	\N	\N	CC-BY-2.0-FR	https://tatoeba.org/en/sentences/show/3091	negative	none	-1		0		human-contributed-unreviewed	22447902b4fabd40111956f24e1ce879ae611f17d2faf0514fc28e1a741649ee	Essayons quelque chose !
fr	fra	3154	ipridian	\N	2009-11-11 14:10:15	CC-BY-2.0-FR	https://tatoeba.org/en/sentences/show/3154	domain	money	185	argent	22	5,10,18,47,73,185,400,606,1433,1966,2584,3086,4502,4676,4685,7516,8856,9098,9319,9526,9564,9916	human-contributed-unreviewed	4c1a6546569e2dcfed98861c9f7eec402c68285e82ed0329639afa2ce77f807b	L'Amérique est un endroit charmant pour vivre, si c'est pour gagner de l'argent.
fr	fra	3282	Tcha	\N	2010-08-22 19:45:17	CC-BY-2.0-FR	https://tatoeba.org/en/sentences/show/3282	domain	food	532	nourriture	7	10,60,73,141,532,3804,8236	human-contributed-unreviewed	cad4145929798cfd5362db03825e631d4431c04e958fe802a09ca7c3b80f4c76	Comment trouves-tu de la nourriture dans l'espace ?
fr	fra	3433	SUZIE	\N	\N	CC-BY-2.0-FR	https://tatoeba.org/en/sentences/show/3433	domain	school	327	école	25	3,46,56,80,81,207,230,253,277,327,396,428,545,701,787,894,1156,1206,1547,1877,5942,6472,7542,8090,9923	human-contributed-unreviewed	d8f557034e0a40e849fddb459ed70666b2ee7ed1d02d419fe22d5023d6219b8a	Je peux aller à l'école à pied en 10 minutes.
fr	fra	3577	le_petit_ane_gris	\N	\N	CC-BY-2.0-FR	https://tatoeba.org/en/sentences/show/3577	domain	work	150	travail	19	8,10,37,62,73,110,150,165,452,462,479,574,1491,2293,5692,7251,7870,8090,9192	human-contributed-unreviewed	7582a9154b6885e81adc3d7cafa0d39d91d3cf1d6478df401933198d09f62200	J'ai tellement de travail que je reste une heure de plus.
fr	fra	3592	le_petit_ane_gris	\N	\N	CC-BY-2.0-FR	https://tatoeba.org/en/sentences/show/3592	domain	water	377	eau	15	2,34,273,377,698,1659,1732,2317,3317,3562,4995,6308,6456,8284,9009	human-contributed-unreviewed	c5acf4e9bed17358ae877cd91bab1688e0bb054bd2fde86e33327d7000869732	Jeter le bébé avec l'eau du bain.
fr	fra	3672	TRANG	\N	\N	CC-BY-2.0-FR	https://tatoeba.org/en/sentences/show/3672	domain	hospital	628	hôpital	17	3,25,62,80,628,736,1132,2046,2623,3126,5185,6472,6824,7870,8090,9334,9923	human-contributed-unreviewed	d7dda466487c8bbee765f08f5e1e0ff4677c9d3dcd9d4028158964fe30f8a037	Je suis à l'hôpital. J'ai été frappé par la foudre.
fr	fra	4125	TRANG	\N	\N	CC-BY-2.0-FR	https://tatoeba.org/en/sentences/show/4125	domain	rain	1357	pluie	37	10,73,83,115,141,145,187,190,364,369,380,404,424,553,579,671,841,971,1348,1357,1517,1646,1734,1752,2454,2465,3804,4232,4502,4971,5671,5706,5862,6417,7044,9580,9762	human-contributed-unreviewed	0115b76b3ac24ecd235eef267567cb34e80cc3902618e98cf33bca3ead42a4e9	Ne perdez jamais de vue l'importance d'un beau lever de soleil, ou de regarder vos enfants dormir, ou de l'odeur de la pluie. Ce sont souvent les petites choses qui importent vraiment dans la vie.
fr	fra	6326	mrtaistoi	\N	2016-09-20 03:32:04	CC-BY-2.0-FR	https://tatoeba.org/en/sentences/show/6326	domain	doctor	370	médecin	13	110,322,370,479,529,1005,1121,1491,1539,1921,7164,7251,8090	human-contributed-unreviewed	f53a5cc208d941bd5dca2baf42200b6aa19c5e94008c1a39c55558707324468c	Je veux devenir médecin plus tard.
fr	fra	6360	TRANG	\N	2011-01-23 03:43:20	CC-BY-2.0-FR	https://tatoeba.org/en/sentences/show/6360	domain	family	270	foyer	12	25,252,270,312,736,3446,5185,5274,5677,8090,8103,9388	human-contributed-unreviewed	d560b196a6a7cd1e44d90775dd42fcbb9a666f981c4a3bc4592d16448d7e3d40	Je suis femme au foyer.
fr	fra	9784	sysko	\N	2010-10-05 00:07:40	CC-BY-2.0-FR	https://tatoeba.org/en/sentences/show/9784	domain	bus	1102	autobus	31	3,5,18,46,80,81,109,128,164,207,253,277,300,398,400,701,805,1102,1156,1433,1547,1877,3278,4676,5942,6472,7516,8856,9319,9526,9923	human-contributed-unreviewed	09ed74f8d80060e98942e1e51b50d2960a923d85ce606e754ea731c22e615dbd	C'est trop loin pour aller à pied à la gare, aussi prenons l'autobus.
pt-br	por	146680	Leonroz	\N	2019-01-13 01:57:11	CC-BY-2.0-FR	https://tatoeba.org/en/sentences/show/146680	ambiguity	collision	891	chorando	3	296,891,9177	human-contributed-unreviewed	a7b4d1b636a580cdb5fd463fa1d951775f9aad2e751098af549708789509ff15	Uma menina chorando abriu a porta.
pt-br	por	182191	Ricardo14	2008-06-02 21:38:05	2017-02-16 00:22:39	CC-BY-2.0-FR	https://tatoeba.org/en/sentences/show/182191	domain	doctor	370	médico	8	370,635,1345,1539,3279,5275,7164,7241	human-contributed-unreviewed	2d0b920b3eb3926ab6b7b641eafcf954ca620ec4bfe9eb03a17076a7752092fe	Vai ao médico pegar a receita!
pt-br	por	340324	tinacalysto	2009-12-15 21:35:52	2009-12-15 21:36:03	CC-BY-2.0-FR	https://tatoeba.org/en/sentences/show/340324	domain	rain	1357	chuva	5	34,841,1357,8228,9342	human-contributed-unreviewed	ae9bce0ea06a8e24c240098b0f51cec6197c9dd47631f755bf745b49397f0343	Fomos com chuva mas voltamos com sol.
pt-br	por	340379	tinacalysto	2009-12-15 22:45:44	2010-04-19 04:02:19	CC-BY-2.0-FR	https://tatoeba.org/en/sentences/show/340379	domain	bus	1102	ônibus	11	5,10,73,87,1102,1148,1992,3923,6417,6456,9130	human-contributed-unreviewed	64bed6e75655d36e63dbb09b1516772cf92c14651c3ac3c6ff643e36efd3ff84	De onde partirão os ônibus do aeroporto?
pt-br	por	340430	tinacalysto	2009-12-16 14:48:14	2009-12-16 14:48:14	CC-BY-2.0-FR	https://tatoeba.org/en/sentences/show/340430	negative	none	-1		0		human-contributed-unreviewed	b232f0d5756e31791e936d24aa40652ae4c7e7d65eeaedf7d87d1173e2466b85	Quanto custa?
pt-br	por	340446	tinacalysto	2009-12-16 14:59:14	2009-12-16 14:59:14	CC-BY-2.0-FR	https://tatoeba.org/en/sentences/show/340446	domain	work	150	trabalho	21	15,19,42,114,134,150,200,1112,1251,2358,3338,4065,5540,6006,6456,7350,7510,7621,8090,8841,9497	human-contributed-unreviewed	7769bef61409cd6fac039b8cc8d9ce54e01427d0a7779bca41b001ba592b4b3a	Eu gosto muito do meu trabalho.
pt-br	por	340471	tinacalysto	2009-12-16 15:17:59	2009-12-16 15:17:59	CC-BY-2.0-FR	https://tatoeba.org/en/sentences/show/340471	domain	water	377	água	13	4,56,80,105,121,377,857,1185,2046,2932,3861,4502,9404	human-contributed-unreviewed	e1cc70d1c7bbe93d8351596e257879cbce184b2b5980e6d4ea8eee0e36733b34	Por favor, me dê um copo d'água.
pt-br	por	340582	tinacalysto	2009-12-17 00:25:05	2009-12-17 00:25:05	CC-BY-2.0-FR	https://tatoeba.org/en/sentences/show/340582	domain	money	185	dinheiro	12	2,15,185,1058,2358,3338,5540,7510,7621,8090,8841,9497	human-contributed-unreviewed	670aeff2146468ac5ddb6c05634bcfcc5ccfd0393205741c28757aecf7c55b79	Eu gastei todo o dinheiro.
pt-br	por	341031	tinacalysto	2009-12-18 15:18:52	2009-12-18 15:18:52	CC-BY-2.0-FR	https://tatoeba.org/en/sentences/show/341031	domain	school	327	escola	19	5,10,12,23,45,59,73,99,113,141,327,554,1148,2732,3804,3923,6298,6895,9525	human-contributed-unreviewed	af7d3781daef8e3c471db40a958e20f085ae7104ffb4d224d41f4c26be20d8ca	Ela está pensando em fazer alguns cursos em uma escola de culinária.
pt-br	por	347692	tinacalysto	2010-01-05 19:13:35	2010-01-05 19:13:35	CC-BY-2.0-FR	https://tatoeba.org/en/sentences/show/347692	domain	hospital	628	hospital	19	4,12,45,47,56,59,80,141,252,628,892,915,1963,2396,3804,4193,4502,5557,6298	human-contributed-unreviewed	cf99d7b11a9d5562c2f9462980a050d2f0d8b346f6c0239d20661d8ba014c6b0	Sua mulher está no hospital, ela se feriu em um acidente automotivo.
pt-br	por	375158	brauliobezerra	2010-04-03 15:58:55	2010-04-03 15:58:55	CC-BY-2.0-FR	https://tatoeba.org/en/sentences/show/375158	domain	family	270	família	16	2,3,18,47,270,682,915,1580,2006,2396,3481,5057,5557,5677,6972,9923	human-contributed-unreviewed	1cf61de015fbc1737328eaa790183cf1f196bd567fb012ce569f02b7c3c35f54	A família dela mudou-se para o Brasil.
pt-br	por	378413	brauliobezerra	2010-04-11 15:25:01	2010-04-11 15:25:01	CC-BY-2.0-FR	https://tatoeba.org/en/sentences/show/378413	domain	food	532	comida	7	53,179,190,532,3317,4369,7228	human-contributed-unreviewed	9387a644bc0add5640d3a313780bb08e9f34a85683eccbe99b109e6919bba438	Ele está sempre reclamando da comida.
sw	swh	338673	Sprachprofi	2009-12-04 16:48:41	2010-04-18 12:15:00	CC-BY-2.0-FR	https://tatoeba.org/en/sentences/show/338673	negative	none	-1		0		human-contributed-unreviewed	dcc290d90bc2c293a5f37a1df92d2b0755e5b7095717262444bd8fa74667482c	Ninakupenda.
sw	swh	367560	sysko	2010-02-25 00:56:48	2010-03-06 14:35:10	CC-BY-2.0-FR	https://tatoeba.org/en/sentences/show/367560	ambiguity	collision	117	watu	45	7,11,29,34,37,48,80,81,117,151,207,239,257,504,566,840,1393,1423,1790,1948,2327,2536,2684,3194,3294,3344,3451,4354,4591,4660,4838,4987,5458,5485,6073,6500,6790,7055,7292,7715,8223,8469,8875,9030,9526	human-contributed-unreviewed	ac1a4aec71bd026354d9ea3675dad9fcc4e6d142571129f13ba4980b9f2fd835	Watu wote wamezaliwa huru, hadhi na haki zao ni sawa. Wote wamejaliwa akili na dhamiri, hivyo yapasa watendeane kindugu.
sw	swh	700337	Alois	2011-01-05 23:05:44	2011-01-05 23:05:44	CC-BY-2.0-FR	https://tatoeba.org/en/sentences/show/700337	domain	work	150	kazi	20	11,29,59,75,150,268,400,720,1481,1993,3481,3916,4061,4065,6006,6073,7053,8798,8892,9526	human-contributed-unreviewed	51c1b508b49f9cb79d80a1b84ced223020cb61f77bdb7c1ba715a62cbc12ad80	Ni kazi yake.
sw	swh	879753	ecorralest101	\N	2022-08-13 17:42:59	CC-BY-2.0-FR	https://tatoeba.org/en/sentences/show/879753	domain	food	532	chakula	22	11,28,29,216,532,1318,1431,2064,2255,2824,3735,5160,6073,6161,6730,7011,7217,7531,8091,8470,8985,9526	human-contributed-unreviewed	abfbd82541d4062bf5178a31aa398046864140cf9e8334c3f79915e9bc7417b8	Nimesikia kuwa hamli mboga za majani kwenu. Mnasema kuwa ni chakula cha wanyama.
sw	swh	879893	ecorralest101	\N	2022-08-12 17:10:10	CC-BY-2.0-FR	https://tatoeba.org/en/sentences/show/879893	domain	school	327	shule	17	2,5,7,10,34,45,53,80,327,1023,3638,4591,5458,6456,7129,9298,9414	human-contributed-unreviewed	31105dddc3c5f96ce5fae581ea06002867d0e896a7d919480d478bfb99cb4edd	"Juma atalipa ada ya shule. Na Hamisi je?" "La, yeye hatalipa."
sw	swh	2489839	Tempoacc	2013-06-10 14:14:08	2013-06-10 14:14:11	CC-BY-2.0-FR	https://tatoeba.org/en/sentences/show/2489839	domain	water	377	maji	3	377,2426,3762	human-contributed-unreviewed	bab18361c85c09c04132d0130b329652fa8aa5153b02fb225cd0c9d73fe8cf25	Usinywe maji yaliyo bilaurini!
sw	swh	2634768	ecorralest101	2013-08-01 14:27:54	2022-08-05 14:31:07	CC-BY-2.0-FR	https://tatoeba.org/en/sentences/show/2634768	domain	doctor	370	daktari	13	15,197,370,431,491,1539,4685,6861,7164,7967,8090,8347,9507	human-contributed-unreviewed	64d98c16ee6a60445fb860ccabbf88e65c98478a70f18de646b6ef0ec87c30e3	Mimi si daktari.
sw	swh	10809221	ecorralest101	2022-05-07 04:55:31	2023-02-17 22:46:46	CC-BY-2.0-FR	https://tatoeba.org/en/sentences/show/10809221	domain	bus	1102	basi	8	11,29,90,1070,1102,6073,6116,9526	human-contributed-unreviewed	f4a6ab04e3b666b35d9f836c6ead7b6080a9f45a756fab2c6acb90ea2d7cf714	Basi Huyu ni Bi Evans.
sw	swh	10811234	ecorralest101	2022-05-08 04:53:35	2023-02-17 22:31:08	CC-BY-2.0-FR	https://tatoeba.org/en/sentences/show/10811234	domain	rain	1357	mvua	32	2,3,5,10,18,105,119,170,321,483,554,564,632,827,1031,1357,1812,1902,2046,2579,4156,4178,5242,5551,5812,5884,6456,6472,6674,9195,9556,9923	human-contributed-unreviewed	67e9a80fe0b8b74dd1f6ef2c099a395c07f7819daf64b94565157c4eb6291e22	Mkutano wa kukimbia ulisitishwa kwa sababu ya mvua kubwa.
sw	swh	10811617	ecorralest101	2022-05-08 05:15:21	2023-02-17 22:51:38	CC-BY-2.0-FR	https://tatoeba.org/en/sentences/show/10811617	domain	family	270	familia	21	3,18,105,228,270,1358,1448,1678,1909,2046,2053,2151,2477,3241,5340,6472,8184,8432,9678,9813,9923	human-contributed-unreviewed	936fee6cf5ffd4f2bd33eb6735af48733a693124173a2e8fd1023664fabf992c	Familia imelaaniwa kwa afya mbaya.
sw	swh	10811702	ecorralest101	2022-05-08 05:41:17	2023-02-17 22:32:18	CC-BY-2.0-FR	https://tatoeba.org/en/sentences/show/10811702	domain	money	185	pesa	31	2,3,5,6,8,10,12,18,105,185,327,510,580,800,1171,1675,1938,2018,2046,2610,2954,3137,3638,4211,5337,6456,6472,6509,7516,7752,9923	human-contributed-unreviewed	4fca50b89445753f743906143507f8159e9b009cff621ca97869eac0ee5b0d07	Pesa hiyo iliwekwa katika mfuko maalum kununua vitabu kwa maktaba ya shule.
sw	swh	10835382	ecorralest101	2022-05-17 05:21:25	2023-02-19 02:56:13	CC-BY-2.0-FR	https://tatoeba.org/en/sentences/show/10835382	domain	hospital	628	hospitali	25	2,5,7,10,11,29,34,42,67,80,628,915,2067,2097,4591,5329,5458,5556,5917,6073,6456,7935,8827,9314,9526	human-contributed-unreviewed	034ae61b854820532aa345c1dfa93805b84e1c5409176531b80f71b588c47ae5	Maisha ni kama hospitali ambapo wagonjwa huwa na hamu ya kubadilisha vitanda.
de	deu	77	ludoviko	\N	2010-10-11 09:53:14	CC-BY-2.0-FR	https://tatoeba.org/en/sentences/show/77	ambiguity	collision	251	versuchen	5	107,251,264,2708,7901	human-contributed-unreviewed	abc489ef1ccc868266c08f46ab8be6e2079364a266b493fe7730e2d625808080	Lass uns etwas versuchen!
de	deu	140	MUIRIEL	\N	2010-10-14 14:43:11	CC-BY-2.0-FR	https://tatoeba.org/en/sentences/show/140	domain	money	185	Geld	21	3,11,24,28,40,47,75,88,93,109,185,400,1361,1683,2584,5914,6472,9098,9449,9526,9923	human-contributed-unreviewed	6530d6c7387d7a453ebdef8b5d71cb755e2358dfeb4f9d50911eb3e5968aefe7	Es ist wundervoll in Amerika zu sein, wenn man hier ist, um Geld zu verdienen.
de	deu	268	MUIRIEL	\N	2010-10-14 15:11:51	CC-BY-2.0-FR	https://tatoeba.org/en/sentences/show/268	domain	food	532	Nahrung	10	0,42,60,532,2321,5019,5671,6308,8473,9760	human-contributed-unreviewed	2b7f80c285bbeef5d4985e2f9311db2436ec75269226ee13604eee36986fc7f7	Wie findest du Nahrung im Weltraum?
de	deu	368	cburgmer	0000-00-00 00:00:00	0000-00-00 00:00:00	CC-BY-2.0-FR	https://tatoeba.org/en/sentences/show/368	negative	none	-1		0		human-contributed-unreviewed	18825e46d3fd68d9f828b479065d96c9482dbdd8e762f36a2018d54f559fb573	Vielen Dank!
de	deu	420	MUIRIEL	\N	2010-10-14 16:04:53	CC-BY-2.0-FR	https://tatoeba.org/en/sentences/show/420	domain	school	327	Schule	11	15,46,253,277,327,411,469,997,1547,5185,7710	human-contributed-unreviewed	c3af65e515476dec63a6b090669d78889ba23bb0c170002ff455d629e8e01f9e	Ich kann in 10 Minuten zur Schule gehen.
de	deu	562	MUIRIEL	\N	2010-10-14 16:43:39	CC-BY-2.0-FR	https://tatoeba.org/en/sentences/show/562	domain	work	150	Arbeit	9	15,21,62,134,150,297,574,656,5185	human-contributed-unreviewed	dbf04dce9288f679f84bac520f22d987ec866fc406ef640ed208aba1a0d9de5f	Ich habe so viel Arbeit, dass ich eine Stunde länger bleibe.
de	deu	660	MUIRIEL	\N	2010-10-14 19:04:43	CC-BY-2.0-FR	https://tatoeba.org/en/sentences/show/660	domain	hospital	628	Krankenhaus	6	15,25,628,1005,3655,5185	human-contributed-unreviewed	e72f2f1ec3b3d906f0e82a1d7c70f3c34faef52d467e69e54bf6a86e87a884ae	Ich bin im Krankenhaus. Ich wurde vom Blitz getroffen.
de	deu	840	MUIRIEL	\N	2010-10-14 20:04:50	CC-BY-2.0-FR	https://tatoeba.org/en/sentences/show/840	domain	water	377	Wasser	6	13,222,377,617,1020,4861	human-contributed-unreviewed	80bb648c1bbe9de0f45691e14940eecf58287bb6487517cd131ec00d4c36f8f5	Was ist passiert? Überall in der Wohnung ist Wasser.
de	deu	1106	MUIRIEL	\N	2011-11-17 07:16:18	CC-BY-2.0-FR	https://tatoeba.org/en/sentences/show/1106	domain	rain	1357	Regen	31	2,3,13,68,83,97,109,115,145,178,279,280,380,424,437,458,553,579,671,967,1357,1556,1752,3032,4773,4861,6002,6472,9125,9792,9923	human-contributed-unreviewed	b5ede842664d2e41ec7756dbaa7e51c05799e274adde2b88cb98b7a2ae875c47	Vergesst nie, was es bedeutet, einen wundervollen Sonnenaufgang zu sehen, seine Kinder beim Schlafen zu beobachten oder den Regen zu riechen. Es sind oft die kleinen Dinge, die wirklich wichtig sind im Leben.
de	deu	139099	MUIRIEL	\N	2010-10-14 22:00:56	CC-BY-2.0-FR	https://tatoeba.org/en/sentences/show/139099	domain	bus	1102	Bus	8	14,20,51,444,1097,1102,1580,8766	human-contributed-unreviewed	e5f85b120e3a410206af1c09d287c5ecf2e3a9c8c18bafb9984fae7740b219e9	Wir mussten lange auf den Bus warten.
de	deu	345025	lilygilder	2009-12-30 14:55:08	2009-12-30 14:55:08	CC-BY-2.0-FR	https://tatoeba.org/en/sentences/show/345025	domain	doctor	370	Arzt	7	80,370,384,1495,1539,4227,7164	human-contributed-unreviewed	8dc34d5f55bb66501cdfdbb6b53db360981b4f24ccf14ea6fa52474da8b758c9	Ist ein Arzt unter uns?
de	deu	369270	xtofu80	2010-03-06 07:16:58	2010-03-06 07:16:58	CC-BY-2.0-FR	https://tatoeba.org/en/sentences/show/369270	domain	family	270	Haushalt	11	18,41,45,59,86,114,270,898,5677,6804,7644	human-contributed-unreviewed	f405637afa6d768fde5cf7d1f49ba166d25a409f4d2ff05badcd6eea4acf09b4	Sie interessiert sich sehr für ihren Haushalt.
ru	rus	243	sugisaki	2008-05-14 17:30:11	2012-04-06 07:56:25	CC-BY-2.0-FR	https://tatoeba.org/en/sentences/show/243	ambiguity	collision	79	раз	12	15,25,79,135,141,316,408,2088,5185,5315,7021,8090	human-contributed-unreviewed	1877b25ebcf041e061f386570699c4f61d597d61b0643350bff586031ed5f292	Один раз в жизни я делаю хорошее дело... И оно бесполезно.
ru	rus	5414	Olya	\N	2013-07-14 14:45:49	CC-BY-2.0-FR	https://tatoeba.org/en/sentences/show/5414	negative	none	-1		0		human-contributed-unreviewed	ed18ccab80a752090de513a1ba891e9fd8715608c04bb332993ccdfccf883560	С днём рождения, Мюриэл!
ru	rus	5472	Ann74	\N	2011-06-15 18:54:39	CC-BY-2.0-FR	https://tatoeba.org/en/sentences/show/5472	domain	money	185	деньги	16	16,34,37,40,47,114,185,400,415,1378,5494,7516,7735,8856,9319,9526	human-contributed-unreviewed	40c1e798aae438325498daeaedc7600b2549bb192a53fe008fc8e7860a1a2ad5	Америка - это очень милое место, если вы находитесь здесь с целью заработать деньги.
ru	rus	337528	al_ex_an_der	2009-11-02 16:29:31	2013-03-01 02:10:00	CC-BY-2.0-FR	https://tatoeba.org/en/sentences/show/337528	domain	rain	1357	дождь	18	15,25,27,35,38,116,1336,1351,1357,3434,3921,4449,5185,5913,6431,6841,7021,8090	human-contributed-unreviewed	cbcef6c4684f1371bb793492545b57e51f1263e0e4633017087383d2a57b5143	Мне не надо было поливать цветы. Как только я закончил, начался дождь.
ru	rus	337550	al_ex_an_der	2009-11-02 16:43:42	2015-05-04 15:49:55	CC-BY-2.0-FR	https://tatoeba.org/en/sentences/show/337550	domain	school	327	школа	2	141,327	human-contributed-unreviewed	de11b946a2efef3e10399e957c1eea982590742d553dfee5968929e0a0c4d66b	Эта школа была основана в 1650 году.
ru	rus	378066	Dorenda	2010-04-10 20:11:24	2010-04-10 20:11:24	CC-BY-2.0-FR	https://tatoeba.org/en/sentences/show/378066	domain	doctor	370	доктор	6	370,491,1539,1596,5494,7164	human-contributed-unreviewed	b9b86880fcd9182c0e97d5d64810c78197176a2dfe922ae00911a8e88b66f7c0	Так-так, - произнес доктор. - Надо её осмотреть.
ru	rus	378265	Dorenda	2010-04-11 01:08:44	2010-10-21 12:13:15	CC-BY-2.0-FR	https://tatoeba.org/en/sentences/show/378265	domain	water	377	вода	11	7,10,34,49,60,67,73,377,1378,3033,6456	human-contributed-unreviewed	bfd63df1227a7f86ca8431e8cfbc052bcfa9cc0862a1da79509654abfa00b73b	Дождь как из ведра! На улице повсюду лужи, и с крыш льётся вода.
ru	rus	388083	al_ex_an_der	2010-05-11 16:44:41	2013-03-01 02:33:04	CC-BY-2.0-FR	https://tatoeba.org/en/sentences/show/388083	domain	work	150	работа	3	27,150,6841	human-contributed-unreviewed	51f14c2b5ccf082799d36449eec4a8aca0f0e887be947d10708ac69df9068e61	Эта работа не окупается.
ru	rus	388118	al_ex_an_der	2010-05-11 17:11:38	2013-03-01 16:42:05	CC-BY-2.0-FR	https://tatoeba.org/en/sentences/show/388118	domain	food	532	еда	17	16,77,400,532,995,1068,2064,2869,3282,3913,5320,7516,7735,8145,8856,9319,9526	human-contributed-unreviewed	fe1fc6d654e7133315c27d47316e13740bd3ea41033e77ea60752811607be139	Осень — это время, когда еда особенно вкусная.
ru	rus	399642	FeuDRenais	2010-06-05 18:25:22	2010-06-05 18:25:22	CC-BY-2.0-FR	https://tatoeba.org/en/sentences/show/399642	domain	bus	1102	автобус	9	20,27,245,322,1097,1102,1306,1580,6841	human-contributed-unreviewed	6527092c6027fdf24c30b268ea197599d164ef84c174da145f5fbccb922fba13	Я не хочу тебя торопить, но давай попробуем успеть на следующий автобус.
ru	rus	525672	Maksimo	2010-09-22 08:22:43	2015-11-13 19:56:08	CC-BY-2.0-FR	https://tatoeba.org/en/sentences/show/525672	domain	hospital	628	больница	2	141,628	human-contributed-unreviewed	c95dba4d474233827ce7daba31ffaa3a4cbf5e525c558ee14b2b16a014d6ff55	Когда-то в этом здании была больница.
ru	rus	4475251	Selena777	2015-08-27 06:52:05	2015-08-27 06:52:46	CC-BY-2.0-FR	https://tatoeba.org/en/sentences/show/4475251	domain	family	270	семейство	10	16,270,400,5494,5677,7516,7735,8856,9319,9526	human-contributed-unreviewed	359040feaae5a2f828786a6a4eee83316f8e5b4b9585eab62bd8dfaf0f2becad	Амбистомы - это семейство хвостатых земноводных.
zh	cmn	5	Zifre	\N	0000-00-00 00:00:00	CC-BY-2.0-FR	https://tatoeba.org/en/sentences/show/5	ambiguity	collision	148	天	23	2,5,10,11,24,28,31,88,93,148,197,258,300,313,404,526,669,772,783,1564,1683,6456,8856	human-contributed-unreviewed	ca5a04f2859e04b9ac0d0e7a2e8ee8c62cd2c6cde6597360aa90bf11ef75a8ed	今天是６月１８号，也是Muiriel的生日！
zh	cmn	332459	fucongcong	2009-06-09 00:21:51	0000-00-00 00:00:00	CC-BY-2.0-FR	https://tatoeba.org/en/sentences/show/332459	domain	work	150	工作	17	2,5,10,15,19,23,25,49,53,69,113,150,376,2853,3861,6456,8870	human-contributed-unreviewed	80c81ce0339494a7c600d9d27cd8fa5799d0945b9eedb2fd0b9c014585769bd0	他给我的工作作出了明确指示。
zh	cmn	332507	fucongcong	2009-06-09 02:02:40	0000-00-00 00:00:00	CC-BY-2.0-FR	https://tatoeba.org/en/sentences/show/332507	domain	school	327	学校	29	26,35,38,41,45,53,56,59,77,86,104,116,143,272,305,327,794,1157,1336,1609,2011,3434,3638,4145,6680,6804,6981,8447,8715	human-contributed-unreviewed	8984940aa4854f3903f18351cb5fb8d1d0eceef08ae2b6dd77d9257542585ffc	当她发现他们还没有学校，她就办了一个。
zh	cmn	332544	fucongcong	2009-06-09 03:42:00	0000-00-00 00:00:00	CC-BY-2.0-FR	https://tatoeba.org/en/sentences/show/332544	domain	family	270	家庭	19	14,15,23,25,69,113,196,270,2053,2778,2853,3045,3105,3861,5645,5677,6248,6374,7292	human-contributed-unreviewed	499d56d2892c1551ab96cd6408e4731b34041a171f94b3b85492bf67000fe9c9	老师给我们布置了家庭作业。
zh	cmn	332649	fucongcong	2009-06-09 14:20:05	0000-00-00 00:00:00	CC-BY-2.0-FR	https://tatoeba.org/en/sentences/show/332649	domain	doctor	370	医生	19	43,53,56,85,95,188,199,370,529,1005,1345,1359,1486,1539,1906,1921,2255,7164,8015	human-contributed-unreviewed	333a299017b4815712481a6bdd67a037e307f13da6c3aab7629d0b880c1c2a13	他长大了会成为一名医生。
zh	cmn	332695	fucongcong	2009-06-09 15:11:08	0000-00-00 00:00:00	CC-BY-2.0-FR	https://tatoeba.org/en/sentences/show/332695	domain	rain	1357	雨	20	14,15,25,43,46,49,85,95,159,253,277,785,1046,1357,1547,1851,1877,2853,6112,6253	human-contributed-unreviewed	1b6dfc442e34136823a07133fe88bf92dbf78b9014370d13d9d6412d5364230f	除非雨停了，我们才会出去。
zh	cmn	332919	fucongcong	2009-06-10 20:57:21	0000-00-00 00:00:00	CC-BY-2.0-FR	https://tatoeba.org/en/sentences/show/332919	domain	money	185	货币	17	27,153,185,187,1366,1599,1813,2328,3369,4000,4211,4589,6841,6876,8342,9320,9414	human-contributed-unreviewed	db5f2a5fe20fa07047a9e9f74aeddb1bc82039390e2e8bedf634dde1cf8abd80	国际货币基金组织不考虑再借款给该国。
zh	cmn	334505	fucongcong	2009-06-30 15:48:39	0000-00-00 00:00:00	CC-BY-2.0-FR	https://tatoeba.org/en/sentences/show/334505	domain	water	377	水	5	377,1974,2435,8115,8974	human-contributed-unreviewed	4d35487cecd59ea0051099994543207cd13f71c3ba82121266c15bd566e73f67	这种水果形状像橙子，味道像菠萝。
zh	cmn	334613	fucongcong	2009-07-02 22:43:48	0000-00-00 00:00:00	CC-BY-2.0-FR	https://tatoeba.org/en/sentences/show/334613	domain	hospital	628	医院	29	11,12,24,27,28,31,45,54,59,88,93,187,197,258,404,597,628,669,864,1007,1345,1683,1813,1898,2760,5917,6841,8856,9414	human-contributed-unreviewed	6e359b0179047b3ddaa62d086310104017dd0940b54f3bb2aae24b87abcb27c6	那不可能是玛丽，她现在在医院。
zh	cmn	334923	fucongcong	2009-07-09 02:23:07	0000-00-00 00:00:00	CC-BY-2.0-FR	https://tatoeba.org/en/sentences/show/334923	domain	food	532	食物	15	0,3,12,109,144,532,1298,1580,2598,5019,8236,8473,9412,9760,9923	human-contributed-unreviewed	fb9d47c2628799dd855190fde87d0b1b5d54cf7ff5ee395e9c53a82fbfd7a302	你怎么在太空里找到食物？
zh	cmn	339255	nickyeow	2009-12-08 13:03:25	0000-00-00 00:00:00	CC-BY-2.0-FR	https://tatoeba.org/en/sentences/show/339255	negative	none	-1		0		human-contributed-unreviewed	83da030b55b56c843275b12d8bc9db4a0f2f1b76c78701a53ab64b3db1a232a8	全校學生都贊成了這個建議。
zh	cmn	347887	zhouj1955	2010-01-06 11:36:49	0000-00-00 00:00:00	CC-BY-2.0-FR	https://tatoeba.org/en/sentences/show/347887	domain	bus	1102	公共汽车	78	2,3,5,10,11,14,15,20,24,25,28,31,45,56,57,59,61,73,76,83,88,93,117,135,197,199,206,223,248,258,364,377,378,404,419,669,671,868,1019,1102,1145,1359,1422,1441,1484,1486,1520,1580,1683,1730,1781,1817,2658,2732,2852,2853,2994,3414,3957,4018,4601,4838,4987,5830,6048,6456,7449,7609,7708,7839,8248,8642,8856,9067,9130,9335,9923,9938	human-contributed-unreviewed	99e9fc82026ac61901d362daf58405cd24a72fef5818a9d5ea452d6c27a83bb7	她看到蒙哥马利通了公共汽车、伯明翰接上了水管、塞尔马建了桥，一位来自亚特兰大的传教士告诉人们：“我们将克服阻力。”是的，我们能做到。
ja	jpn	1297	xtofu80	2008-01-26 18:04:24	2010-07-02 00:11:07	CC-BY-2.0-FR	https://tatoeba.org/en/sentences/show/1297	ambiguity	collision	3	に	18	2,3,10,34,80,103,141,300,302,719,1097,1580,2570,6456,8163,9724,9923,9976	human-contributed-unreviewed	7edeb64f0ed533f039f2270768a74b232cb2b7b6ffaf6d66097b60f2329e7537	きみにちょっとしたものをもってきたよ。
ja	jpn	4831	bunbuku	\N	2011-06-01 18:43:32	CC-BY-2.0-FR	https://tatoeba.org/en/sentences/show/4831	domain	school	327	学校	13	3,34,137,141,327,604,1097,1580,3599,3638,8163,8893,9923	human-contributed-unreviewed	9f0fbc553e2549d2cde6edd8dac08ad230a70238c6721a12ee26e47e8709912e	学校に全てを求めることはできない。
ja	jpn	4883	bunbuku	\N	2011-06-01 02:15:41	CC-BY-2.0-FR	https://tatoeba.org/en/sentences/show/4883	domain	food	532	食べ物	13	2,10,60,80,532,788,3124,4198,6456,7761,8163,8236,8893	human-contributed-unreviewed	2bc5b6969769bd5a1431b976c7622489d2e64508a92ab18bde3c005932f1e596	宇宙でどうやって食べ物をみつけるの？
ja	jpn	5202	mookeee	\N	2011-08-26 18:52:54	CC-BY-2.0-FR	https://tatoeba.org/en/sentences/show/5202	domain	hospital	628	病院	11	3,141,404,628,1097,1580,5917,6564,6609,9923,9966	human-contributed-unreviewed	6b34b1b9ea4b8bbe412e8e53d89d7d890f52daed76c8dd2cdc4614aad8e7be7e	病院にいるよ。雷に打たれたんだ。
ja	jpn	5213	mookeee	\N	2011-08-26 18:53:24	CC-BY-2.0-FR	https://tatoeba.org/en/sentences/show/5213	domain	rain	1357	雨	22	2,3,10,34,80,141,148,669,901,916,1097,1357,1580,1738,1842,2363,3873,6456,6685,8410,8545,9923	human-contributed-unreviewed	0efedb297e46d74e9804f7e704befd5fd39ab53afd309e95f4cf7403321061c2	今日海岸に行こうと思っていたのに雨が降ってきた。
ja	jpn	5265	bunbuku	\N	2011-06-07 17:17:02	CC-BY-2.0-FR	https://tatoeba.org/en/sentences/show/5265	domain	water	377	水	13	2,10,13,80,222,307,377,422,1020,1671,6456,8232,9976	human-contributed-unreviewed	3eb2e56ed74d687fe1c11e803bd9b0acea1404f7d0bc85db0b6a4fc4f2d66678	何が起こったの？アパート全体水浸しだよ。
ja	jpn	74021	fcbond	2008-08-14 11:43:02	\N	CC-BY-2.0-FR	https://tatoeba.org/en/sentences/show/74021	domain	doctor	370	医者	30	2,3,10,34,80,141,341,370,514,1097,1539,1552,1580,1774,2282,4363,5347,6456,7158,7164,7773,8163,8347,8856,8893,9319,9488,9923,9966,9976	human-contributed-unreviewed	abbad2dfd1e5fb4f9825a1f2d16cefc4b8d1ac2dd597473913ed7bef6b95647a	前の歯医者さんに、たばこをやめるなら、ヤニ取りしてあげる・・・といわれたそうです。
ja	jpn	75143	fcbond	2008-02-03 10:34:35	\N	CC-BY-2.0-FR	https://tatoeba.org/en/sentences/show/75143	domain	family	270	家庭	23	3,25,34,103,141,167,212,270,300,310,574,1097,1580,2387,3313,5677,8163,8236,8263,8893,9923,9966,9976	human-contributed-unreviewed	4515f52615f6073257350d41d322407c6c75f3c6343746edd4399f068cab926d	私も、ほんとに久々に家庭でくつろいだ時間を過ごしたって感じ。
ja	jpn	75370	fcbond	2007-10-27 10:53:57	\N	CC-BY-2.0-FR	https://tatoeba.org/en/sentences/show/75370	domain	work	150	ワーク	22	2,10,80,150,156,227,1211,1629,1844,2500,2518,3879,4586,6456,6709,7158,8163,8236,8691,8868,8893,9817	human-contributed-unreviewed	7201b71aac67b543d7ae0170192e6f349334f5631d705ad882ed4730e85a47bd	ネットワークの発達で、かつてないほど大量の文が世界中を駆け巡っています。
ja	jpn	75554	mookeee	\N	2011-08-26 19:26:11	CC-BY-2.0-FR	https://tatoeba.org/en/sentences/show/75554	domain	bus	1102	バス	13	2,10,80,1102,2074,2079,3458,3556,6456,8163,8748,8893,9130	human-contributed-unreviewed	a8a3240bbe5494c759918bda3e79c182fe55051d33d2bb5ddd02dfedca45f6bb	おまえの従姉だったよな。二年生、現生徒会役員。部活はバスケで、副キャプテンを務めてる。
ja	jpn	76098	small_snow	\N	2022-05-30 22:38:07	CC-BY-2.0-FR	https://tatoeba.org/en/sentences/show/76098	negative	none	-1		0		human-contributed-unreviewed	3217f9c5b859541b1729d2043a88556b8f49635ac9c10a656bc949d240f7aad5	思ったより安くあがった。
ar	ara	331919	hashimi	2009-03-27 12:18:40	2010-06-07 15:53:25	CC-BY-2.0-FR	https://tatoeba.org/en/sentences/show/331919	negative	none	-1		0		human-contributed-unreviewed	75f98f2eea138d86d68061c1916bf26881dc57804f224e99437b9b684330658d	ويل للكافرين
ar	ara	332182	awael58	2009-04-23 19:56:18	2009-04-23 19:59:11	CC-BY-2.0-FR	https://tatoeba.org/en/sentences/show/332182	ambiguity	collision	77	متى	4	77,138,3476,5015	human-contributed-unreviewed	f6558a5e397cd8d4b886ef93fc836b2885cc277938e83af02c90926aece59aad	متى أنشئت هذه الجامعة؟
ar	ara	371424	saeb	2010-03-12 02:31:26	2010-03-12 02:31:26	CC-BY-2.0-FR	https://tatoeba.org/en/sentences/show/371424	domain	doctor	370	طبيب	3	370,1539,7164	human-contributed-unreviewed	c2e8ee5e928af0b8d438a5802c4eae8a1cff61657a16fbba6ce48b8d466c4de6	أحد أعمامي طبيب.
ar	ara	371883	saeb	2010-03-13 13:56:40	2010-03-13 13:56:40	CC-BY-2.0-FR	https://tatoeba.org/en/sentences/show/371883	domain	water	377	ماء	4	39,377,6299,6412	human-contributed-unreviewed	06e160437d5a8d3f17b1a447cef553475ed4dc18787eb9972eca927a53bc9882	هناك نافورة ماء للشرب قرب ملعب التنس.
ar	ara	372698	saeb	2010-03-16 01:46:12	2010-03-16 01:46:12	CC-BY-2.0-FR	https://tatoeba.org/en/sentences/show/372698	domain	hospital	628	مستشفى	9	10,39,40,71,73,165,628,1348,1389	human-contributed-unreviewed	0db5636d82031edf8c6e4d73e7e2192f54ec579b98b1236cd0ddebc868b6bb77	هناك مستشفى بالقرب من هنا.
ar	ara	454367	qahwa	2010-08-06 18:47:05	2010-08-06 18:47:05	CC-BY-2.0-FR	https://tatoeba.org/en/sentences/show/454367	domain	school	327	مدرسة	1	327	human-contributed-unreviewed	e5f13c9503343d62c64412fcef3732436136076b309dcdf72b4386cc8c87a60b	أمه مدرسة اللغة الإنجليزية.
ar	ara	1593949	Amastan	2012-05-26 18:44:47	2012-05-26 18:44:47	CC-BY-2.0-FR	https://tatoeba.org/en/sentences/show/1593949	domain	bus	1102	حافلة	2	322,1102	human-contributed-unreviewed	63c4b5b95a3bf53ce3781094982b81ca57f85656d889dede32592a7da33c99e0	أريد أن أستأجر حافلة.
ar	ara	12002267	LdjuherTaqvaylit	2023-08-18 08:37:09	2023-08-18 08:37:09	CC-BY-2.0-FR	https://tatoeba.org/en/sentences/show/12002267	domain	rain	1357	مطر	7	26,27,187,272,1009,1357,6841	human-contributed-unreviewed	9a53dccf2115850f0609e07acc4d0ee99ed3c6f0c599eb47ebb031bf50ef8b08	بدون مطر. لا يوجد محصول.
hi	hin	440811	minshirui	2010-07-28 09:43:54	2014-02-10 11:05:55	CC-BY-2.0-FR	https://tatoeba.org/en/sentences/show/440811	ambiguity	collision	15	मैं	5	15,34,879,5185,5356	human-contributed-unreviewed	62b06ca62d491400bd3f12326fddc2573774fc4f7277ac1a7e4a8589518d56cb	मैं मोहन के साथ गेंद खेलने जा रहा हूँ।
hi	hin	443093	minshirui	2010-07-30 08:21:12	2010-08-08 11:01:25	CC-BY-2.0-FR	https://tatoeba.org/en/sentences/show/443093	domain	bus	1102	बस	29	5,10,12,14,21,26,27,37,95,108,123,141,187,197,340,563,794,1102,1461,1785,1813,3282,3781,3921,3954,5393,6456,6841,9414	human-contributed-unreviewed	d563a587c269bcafc5612a0b8810f337b94193644960e0141dd71f8c58751e4a	सुबह की भागाभागी का समय बस शुरू होने ही वाला है, हमको जल्द ही चल पड़ेंना चाहिए, नहीं तो हम ट्रैफ़िक जाम में फँस जाएँगे।
hi	hin	443094	minshirui	2010-07-30 08:23:42	2010-07-30 08:23:42	CC-BY-2.0-FR	https://tatoeba.org/en/sentences/show/443094	domain	food	532	खाना	10	109,114,134,200,372,532,729,1068,2448,7644	human-contributed-unreviewed	f91ea5538b057cffd9ce7d3422d9e210a133ebaffe8fc676048e31f04e627ac6	मुझे तरबूज़ खाना बहुत पसंद है।
hi	hin	443163	minshirui	2010-07-30 09:17:52	2010-07-30 09:17:52	CC-BY-2.0-FR	https://tatoeba.org/en/sentences/show/443163	domain	work	150	काम	14	109,114,134,150,200,268,740,803,1311,2724,7053,7644,8892,9769	human-contributed-unreviewed	774ef57580dff565251edb66c3aac1f1412d404838319f41071a6d5691415d8e	उसके पास बहुत सारा काम है।
hi	hin	443174	minshirui	2010-07-30 09:27:05	2010-07-30 09:27:05	CC-BY-2.0-FR	https://tatoeba.org/en/sentences/show/443174	negative	none	-1		0		human-contributed-unreviewed	052993a907510d74e4d34405b296115a05bd30d597a47d68169225a6ded7c567	कैन खाली है।
hi	hin	443199	minshirui	2010-07-30 09:46:27	2010-07-30 09:46:27	CC-BY-2.0-FR	https://tatoeba.org/en/sentences/show/443199	domain	money	185	पैसा	12	53,59,109,114,134,185,200,1311,2300,2724,5443,7644	human-contributed-unreviewed	a9e1ad492dee3441bc42e0b1f58a4967d04be1e231bb2b9434eadeff3a085725	उसे बहुत सारा पैसा मिला।
hi	hin	450426	minshirui	2010-08-03 09:17:09	2010-08-03 09:17:09	CC-BY-2.0-FR	https://tatoeba.org/en/sentences/show/450426	domain	family	270	परिवार	12	8,18,45,109,114,134,200,270,2053,6972,7516,7644	human-contributed-unreviewed	c649e089923de09ac106496dc9ca0a3e16a66f6266fb44c91e3e683acb1f11e8	वह अपने परिवार के सुख के लिए बहुत मेहनत करता था।
hi	hin	459392	minshirui	2010-08-11 07:50:22	2010-08-11 07:50:22	CC-BY-2.0-FR	https://tatoeba.org/en/sentences/show/459392	domain	water	377	पानी	7	73,165,377,1351,2304,2635,7832	human-contributed-unreviewed	41cd10901f6c12c3e13b35c5ac66edb60fc925e3a2652332d2c61ae43d354e85	बाग के सारे फूल पानी की कमी की वजह से मर गए।
hi	hin	505044	minshirui	2010-09-09 07:22:45	2010-09-09 07:22:45	CC-BY-2.0-FR	https://tatoeba.org/en/sentences/show/505044	domain	school	327	विद्यालय	6	138,278,327,1375,1506,9397	human-contributed-unreviewed	313bd5a7b9d8f7e291c13e5a61b54ff66e6c11172902fae1a382f36633ae0f37	ये हमारे विद्यालय के सबसे उत्कृष्ट विद्यार्थी हैं।
hi	hin	506495	minshirui	2010-09-10 10:31:01	2010-09-10 10:31:14	CC-BY-2.0-FR	https://tatoeba.org/en/sentences/show/506495	domain	rain	1357	बरसात	6	40,168,315,697,1357,2730	human-contributed-unreviewed	38096f8b7cb500b26c79b18b1cbdfaeab6ff8f475bfc8a652449be510a3755f5	हमारे यहाँ कल रात भारी बरसात हुई थी।
hi	hin	2075286	sabretou	2012-12-12 07:56:18	2012-12-12 07:56:18	CC-BY-2.0-FR	https://tatoeba.org/en/sentences/show/2075286	domain	doctor	370	डाक्टर	7	53,59,73,165,370,1539,7164	human-contributed-unreviewed	73c32bf7c882dc3f739142deec463ef13e563cfd750d0852c425fb10d0cee21d	उसके डाक्टर ने उसे मद्य पीने से मना किया।
tr	tur	170564	Adopter	\N	2020-04-13 12:16:24	CC-BY-2.0-FR	https://tatoeba.org/en/sentences/show/170564	ambiguity	collision	6161	saman	3	1131,6161,7011	human-contributed-unreviewed	6ab4ec1a059387d7272bb99345dc668292b569c1c47d0f909c78bc4e2f5e7f81	Devenin belini kıran son saman çöpüdür.
tr	tur	355661	Denizar	2010-02-01 13:46:50	2010-02-01 14:11:38	CC-BY-2.0-FR	https://tatoeba.org/en/sentences/show/355661	negative	none	-1		0		human-contributed-unreviewed	d3f38807107986e4d1f394deb238ee641e7c438799c689a10d477b590abd67a2	Hemen yolculuğa hazırlan.
tr	tur	355690	Denizar	2010-02-01 14:21:55	2010-02-01 14:21:55	CC-BY-2.0-FR	https://tatoeba.org/en/sentences/show/355690	domain	school	327	okul	8	8,16,327,571,7516,8856,9319,9526	human-contributed-unreviewed	5ee22f2d03bf38d66cade4feb7520f2af2177ba8ebb4f0dd40ca58ccf5d5ce39	Bu kitap okul kütüphanesinin.
tr	tur	356139	Denizar	2010-02-01 22:10:21	2010-02-01 22:10:21	CC-BY-2.0-FR	https://tatoeba.org/en/sentences/show/356139	domain	bus	1102	otobüs	9	8,16,1102,3443,3529,7516,8856,9319,9526	human-contributed-unreviewed	80dc61984bd3f1e371387be8bdf0eb97384fb5bb4cf197fe4304dfe889fd47a5	Bu otobüs elli kişilik.
tr	tur	358140	lugal	2010-02-05 12:06:58	2010-02-05 12:09:06	CC-BY-2.0-FR	https://tatoeba.org/en/sentences/show/358140	domain	rain	1357	yağmur	3	315,1357,4449	human-contributed-unreviewed	23601bd084d4a6110fda6af65a450b03c5b3837969d931652bd2513a567790a2	Bence yarın yağmur yağmayacak.
tr	tur	360523	Denizar	2010-02-10 09:54:42	2010-02-10 09:54:42	CC-BY-2.0-FR	https://tatoeba.org/en/sentences/show/360523	domain	doctor	370	doktor	7	370,439,491,1539,1596,7164,8347	human-contributed-unreviewed	5c93915894fd5bbee80a9ca061fb881467d4d5a664b0d3c44e3cb38543c766e9	Doktor olacak.
tr	tur	445824	soliloquist	2010-07-31 16:36:36	2019-10-10 15:35:30	CC-BY-2.0-FR	https://tatoeba.org/en/sentences/show/445824	domain	money	185	para	11	109,114,134,185,200,1842,3137,3950,6158,7134,7350	human-contributed-unreviewed	ce02778e7523f75b866282ddddad7e41a0e78961beb3f17f3d97cbfa6e801344	Maria kıyafete çok para harcıyor.
tr	tur	474442	deyta	2010-08-21 21:47:57	2016-11-14 12:46:06	CC-BY-2.0-FR	https://tatoeba.org/en/sentences/show/474442	domain	water	377	su	10	62,64,108,146,190,377,1683,2269,3628,7158	human-contributed-unreviewed	9992fb0cfd2f2ef3ba624bdb397025f5e0f285dd4133c53421308856a8cf600c	Kapta hiç su var mı?
tr	tur	481993	duran	2010-08-26 23:26:41	2015-12-13 19:29:46	CC-BY-2.0-FR	https://tatoeba.org/en/sentences/show/481993	domain	hospital	628	hastane	2	19,628	human-contributed-unreviewed	977a4cf992fd6b6b14880d7551d7dc79d5f896a70f34d90abc03d265489f3bae	Burası benim doğduğum hastane.
tr	tur	512027	duran	2010-09-14 11:42:53	2015-12-12 15:24:22	CC-BY-2.0-FR	https://tatoeba.org/en/sentences/show/512027	domain	food	532	yiyecek	7	8,16,532,7516,8856,9319,9526	human-contributed-unreviewed	66ca49e393de78c1a90fe9b217926404b5fddc6bcad87f330609b48f9b80159d	Bu yiyecek sağlıksız.
tr	tur	850178	duran	2011-04-23 10:20:47	2013-09-05 08:12:45	CC-BY-2.0-FR	https://tatoeba.org/en/sentences/show/850178	domain	work	150	emek	10	150,300,372,2064,2448,4198,4835,7228,8553,8722	human-contributed-unreviewed	2582277e7d8304139aa43814d3f4412b82d5b5035617ce5f4336a7a19f14df1d	Emek yoksa yemek de yok.
tr	tur	2491788	User20656	2013-06-11 17:44:56	2013-06-11 17:44:56	CC-BY-2.0-FR	https://tatoeba.org/en/sentences/show/2491788	domain	family	270	ev halkı	12	4,7,56,80,212,239,270,3338,4502,4591,5677,8018	human-contributed-unreviewed	1bd7ed90001275cd92ea4fabcee9f01220524edb2f2bc06e740c34c4da21fa4d	Ev halkı, aynı yaşam alanını ve parayı paylaşan bir gruptur.
